"baseMean","log2FoldChange","lfcSE","stat","pvalue","padj","gene_id","regulation"
2440.36269142764,5.29312098193893,0.655829096267186,8.07088464367629,6.97906324220009e-16,1.59918255131773e-11,"ENSG00000180818.5","Upregulated"
2450.59979269012,11.6343982792365,1.47427170103418,7.89162423118826,2.98278701909301e-15,3.41737908777487e-11,"ENSG00000170419.11","Upregulated"
241.836758759052,4.22895965366856,0.575031339761506,7.35431160225548,1.91913571301888e-13,1.46583585760382e-09,"ENSG00000196787.3","Upregulated"
2850.19776173453,10.4587709961798,1.46857128142206,7.12173193666998,1.06579194128759e-12,6.10538913566597e-09,"ENSG00000105388.16","Upregulated"
10555.7382262666,7.41643940050632,1.05911057611992,7.00251660943339,2.51405069291572e-12,1.15213915154942e-08,"ENSG00000075461.6","Upregulated"
370.590983116563,5.83957772730755,0.874950523333428,6.67418050686985,2.48617461484214e-11,5.73410370025734e-08,"ENSG00000277075.2","Upregulated"
158.440566244665,5.71339093801824,0.856166558308486,6.67322366492109,2.5024455355928e-11,5.73410370025734e-08,"ENSG00000287550.1","Upregulated"
171.815205784902,6.45158544133564,0.972481056328301,6.63415024832899,3.26377249348545e-11,6.79873481052051e-08,"ENSG00000196132.14","Upregulated"
150.013487020135,6.73396448350604,1.02435962561657,6.57382848279752,4.90377167571183e-11,9.36375201477173e-08,"ENSG00000230838.1","Upregulated"
126.031101972997,5.96490938294775,0.90928106029022,6.56002818429309,5.37976092630868e-11,9.48244937426438e-08,"ENSG00000130675.15","Upregulated"
319.467036791496,5.27418807785473,0.827239784249598,6.37564606813371,1.82193245961541e-10,2.98198288425911e-07,"ENSG00000124302.13","Upregulated"
149.586492324618,5.69055225760174,0.904801827146302,6.28928024554222,3.18941245136846e-10,4.87214646071046e-07,"ENSG00000255774.2","Upregulated"
3312.93447977285,7.55937685565351,1.21276948529261,6.23315225797391,4.57141457261391e-10,6.54683709480469e-07,"ENSG00000163993.7","Upregulated"
15233.8277171614,6.74036809724143,1.0962912319511,6.14833713961703,7.82994666856437e-10,9.96752210908245e-07,"ENSG00000099953.10","Upregulated"
5656.01938265038,7.85708488102424,1.27624446781289,6.15641053041273,7.44121810438889e-10,9.96752210908245e-07,"ENSG00000123500.10","Upregulated"
10233.543793508,3.22405104178239,0.532977921474166,6.04912682473783,1.45632983511414e-09,1.75633378114765e-06,"ENSG00000130202.10","Upregulated"
114.187971385471,7.72740078290558,1.29141829819969,5.98365440049752,2.18186011770299e-09,2.38072108271649e-06,"ENSG00000130720.13","Upregulated"
1755.36224931256,7.21754341466897,1.21886509310667,5.92152770268671,3.18964560859997e-09,3.04531414481082e-06,"ENSG00000278828.1","Upregulated"
1462.67660680585,5.41632311784063,0.920452498213992,5.884413512213,3.99467959926579e-09,3.52054185913755e-06,"ENSG00000165474.8","Upregulated"
562.008513221213,10.3910595805063,1.79743342386582,5.78105394199122,7.42340813476525e-09,6.07499907142896e-06,"ENSG00000235123.5","Upregulated"
641.290946732781,6.70684449002888,1.18991299760156,5.63641585859429,1.73625808669329e-08,1.24326930620281e-05,"ENSG00000137745.12","Upregulated"
137.465315977538,7.80070566690606,1.38657344969777,5.62588708777483,1.84557043500956e-08,1.28149699841845e-05,"ENSG00000172156.4","Upregulated"
37137.1110702859,3.08726520245504,0.559466666234728,5.51822903629393,3.42432954433933e-08,1.96162717947479e-05,"ENSG00000102316.17","Upregulated"
4715.12894979769,4.62557766174113,0.839385847353344,5.51066911162009,3.57472171530403e-08,1.97236322987546e-05,"ENSG00000160180.15","Upregulated"
1229.31742897082,7.78326760431123,1.41290823971129,5.50868583362613,3.61522456379373e-08,1.97236322987546e-05,"ENSG00000213759.10","Upregulated"
671.333964940321,5.91066431045863,1.07545478855654,5.4959672627353,3.88574595644955e-08,2.07065076386244e-05,"ENSG00000113924.12","Upregulated"
2154.69611640024,3.27559014940984,0.604542631798777,5.41829471920538,6.01701721607289e-08,2.87237359352279e-05,"ENSG00000140263.15","Upregulated"
129.313969891112,7.30507540385015,1.35852736493456,5.37720151423086,7.56524856225655e-08,3.32176662167862e-05,"ENSG00000223808.1","Upregulated"
347.550790973445,4.7145005947522,0.88094210914149,5.35165766947688,8.71521539884331e-08,3.62596458348112e-05,"ENSG00000004838.14","Upregulated"
2345.08784008804,4.63226579975438,0.86606360074103,5.34864390535623,8.86157007396974e-08,3.62596458348112e-05,"ENSG00000108932.12","Upregulated"
1261.07183133739,2.82823261813108,0.532801891136264,5.30822556222451,1.10697600656281e-07,4.22754136906335e-05,"ENSG00000079462.8","Upregulated"
842.882874219508,6.63988075855378,1.2611848156607,5.26479598874281,1.4034511788539e-07,5.18688392133199e-05,"ENSG00000188916.9","Upregulated"
1039.00614353499,3.74834541513179,0.714757223239179,5.24422180463573,1.56943308625552e-07,5.6190608966342e-05,"ENSG00000165548.11","Upregulated"
88.3279756233211,5.86597492460604,1.11846632678266,5.24465939129336,1.56571300541726e-07,5.6190608966342e-05,"ENSG00000217275.2","Upregulated"
1911.44550595186,5.02588592973444,0.96154462499099,5.2268878626216,1.72386977938597e-07,6.023554086336e-05,"ENSG00000008735.14","Upregulated"
14896.544582184,4.70119921802437,0.899630719698058,5.2256988507487,1.73498546608264e-07,6.023554086336e-05,"ENSG00000181019.13","Upregulated"
386.611643567794,8.00336212811547,1.53691807470538,5.20740972458774,1.91494948913209e-07,6.54912725283175e-05,"ENSG00000196747.4","Upregulated"
2461.15978620863,3.23578285897703,0.622578487387065,5.19738944491557,2.02106663433036e-07,6.68536381328872e-05,"ENSG00000183010.17","Upregulated"
91.2011748876799,4.80166401321019,0.939593975024435,5.11036058217095,3.21544521768111e-07,9.82382822905934e-05,"ENSG00000123201.14","Upregulated"
342.616433036088,3.76354619251975,0.738262816597852,5.09784064415347,3.43549829782614e-07,0.000103580273679458,"ENSG00000277013.1","Upregulated"
192.284992490623,6.10387200305356,1.20958699106798,5.04624474975899,4.50578152485037e-07,0.000122911283167168,"ENSG00000105219.10","Upregulated"
5626.9501111231,2.79115386284846,0.554923078869277,5.02980317296547,4.90983590912447e-07,0.000127845431842816,"ENSG00000100304.13","Upregulated"
9788.99559898007,3.97369455470401,0.790597186163665,5.02619364734421,5.00310696468796e-07,0.000128810329200966,"ENSG00000115648.14","Upregulated"
1881.842217967,3.87038463842468,0.775201150263317,4.99274883313834,5.95259473123652e-07,0.000149266558397424,"ENSG00000117472.10","Upregulated"
542.559048459172,5.86049719019735,1.17410944675222,4.9914402838751,5.99307121085931e-07,0.000149266558397424,"ENSG00000123388.4","Upregulated"
9631.10475414257,7.17672198989525,1.43926186581252,4.98639070510194,6.15176803279814e-07,0.000151571626562943,"ENSG00000086548.9","Upregulated"
136.968528243263,7.78354348035353,1.5661921112955,4.96972461054937,6.70480611898692e-07,0.000161719923589964,"ENSG00000101204.18","Upregulated"
544.89715748754,3.83311098898892,0.774239399791179,4.95080848381361,7.39058065000963e-07,0.000176403921889917,"ENSG00000130513.6","Upregulated"
70.7865864361518,4.71035067539716,0.952122246739602,4.94721207442326,7.52839418059663e-07,0.000177840849746589,"ENSG00000106927.12","Upregulated"
4320.4369415299,3.35746451911094,0.679374806050363,4.94199150337943,7.73285866556374e-07,0.000179246766665208,"ENSG00000029993.15","Upregulated"
510.00299321618,6.70387046519922,1.3565914697986,4.94170176832563,7.74436148200034e-07,0.000179246766665208,"ENSG00000154118.13","Upregulated"
6411.54857396125,3.34702577861894,0.679685982733306,4.92437075891889,8.46322410686228e-07,0.000193926317184642,"ENSG00000126709.15","Upregulated"
5039.21686581767,2.96284673466349,0.604543731561584,4.90096345389311,9.53677977368405e-07,0.000210120934359804,"ENSG00000099282.10","Upregulated"
161.649884553351,5.80097615739587,1.18435041810876,4.89802348080325,9.68054691166614e-07,0.000211257192318017,"ENSG00000155886.11","Upregulated"
2360.70431523706,3.72256156188148,0.761005511572201,4.89163548131319,1.00001521682984e-06,0.000216173100739991,"ENSG00000101255.11","Upregulated"
26.2250061822469,7.27077031023657,1.49493698413965,4.863596517696,1.15271775426309e-06,0.000240121587465313,"ENSG00000284659.1","Upregulated"
1952.05613305352,3.24489195523977,0.670473866182528,4.83969938114842,1.30035676217562e-06,0.000263684733172496,"ENSG00000158373.8","Upregulated"
38507.4587294345,4.34329037401236,0.901102075267687,4.8199759974164,1.43575494542154e-06,0.000281187083926404,"ENSG00000099194.6","Upregulated"
101.746786878497,5.90131494561679,1.22757996626788,4.80727537738996,1.53001173828412e-06,0.000297107533652901,"ENSG00000170369.4","Upregulated"
28.0946331482798,8.34502151863021,1.73908760417974,4.79850554887156,1.59853880313052e-06,0.000305190886277618,"ENSG00000259457.1","Upregulated"
8695.3024284049,4.27351734316298,0.891298533200345,4.7947092741399,1.62910917628949e-06,0.000305978751356536,"ENSG00000119333.11","Upregulated"
1292.1086178021,2.77858855976248,0.580611024921284,4.78562831310202,1.70453246541853e-06,0.000314981104133873,"ENSG00000131153.9","Upregulated"
231.766208272414,2.95593141919447,0.62013346490135,4.76660523338261,1.87355893063059e-06,0.000335396322941167,"ENSG00000284753.2","Upregulated"
82.9160608070497,8.12400482091696,1.70875121244606,4.75435204478217,1.99083872402261e-06,0.000345913368090159,"ENSG00000029559.7","Upregulated"
4297.30477647475,2.79620524551126,0.588159195857595,4.75416394949688,1.99269287718866e-06,0.000345913368090159,"ENSG00000246705.4","Upregulated"
1729.88491246087,4.4532627077808,0.943260827838132,4.72113605945799,2.34530979993814e-06,0.000392265903326881,"ENSG00000162849.16","Upregulated"
48.3590557038629,6.53473795475147,1.38402093966615,4.72156003385884,2.34042526794991e-06,0.000392265903326881,"ENSG00000215182.8","Upregulated"
4055.75131785481,7.80937567211924,1.65562533036211,4.71687375694548,2.39496192316924e-06,0.000392293713634864,"ENSG00000160182.3","Upregulated"
138.316575893035,5.99848936289798,1.2709701347641,4.71961472486632,2.36291751755079e-06,0.000392293713634864,"ENSG00000163623.9","Upregulated"
153.334288464019,5.14457884932521,1.09215357952642,4.71049030627726,2.47121554334111e-06,0.000398770654648719,"ENSG00000203711.14","Upregulated"
126.48445412665,4.2813337014389,0.910337623634134,4.70301741934767,2.56344539577175e-06,0.00040957289077187,"ENSG00000137142.5","Upregulated"
39.4536755868848,5.21728410020333,1.1095767312742,4.70204894636893,2.57563734903921e-06,0.00040957289077187,"ENSG00000275896.6","Upregulated"
2657.59614528732,2.35662077759028,0.502345718194452,4.69123293428384,2.71563580948764e-06,0.000426206020127395,"ENSG00000159167.12","Upregulated"
5601.26215535099,3.10639292074088,0.66350528524048,4.68179077068693,2.84379658759219e-06,0.00044028888518978,"ENSG00000185442.13","Upregulated"
249.333205029677,6.34253131586593,1.35661519955319,4.67526187083477,2.9357875641618e-06,0.00045148078016915,"ENSG00000131650.14","Upregulated"
82.7915587027832,5.71864627686708,1.22412317704349,4.67162650304424,2.98823968050049e-06,0.000454922155994027,"ENSG00000277224.2","Upregulated"
39.5334136054196,5.92988292449387,1.27120906187872,4.66475822295514,3.08980110954535e-06,0.000462743154406027,"ENSG00000197238.5","Upregulated"
131.670674156883,4.04029707543221,0.866839033812115,4.66095424621584,3.1474669286999e-06,0.000465297143253093,"ENSG00000187730.9","Upregulated"
327.871948024996,2.61051484897021,0.562185693048454,4.64350993141552,3.42539518861072e-06,0.000493644687747334,"ENSG00000177465.4","Upregulated"
14984.0086354585,3.22365945744879,0.695712373481059,4.63360949197859,3.59344560607691e-06,0.00051142989203507,"ENSG00000108829.10","Upregulated"
7565.09397460393,3.28310038545241,0.709496067283864,4.62736939194176,3.70339633515995e-06,0.00051743672941375,"ENSG00000125505.17","Upregulated"
317.380714577173,6.08581141982015,1.31449787864421,4.62976130938844,3.66087479416066e-06,0.00051743672941375,"ENSG00000203805.11","Upregulated"
59.58646106937,3.78887839266903,0.818782140918909,4.62745607569899,3.70184710807791e-06,0.00051743672941375,"ENSG00000259345.7","Upregulated"
1140.26012499247,5.30659158357153,1.1482035761361,4.62164697433632,3.8070546884243e-06,0.000525919197857765,"ENSG00000273802.2","Upregulated"
99.8970037519631,4.03895504000699,0.877230663679636,4.60421096438326,4.14032597613835e-06,0.000564710889388299,"ENSG00000167646.14","Upregulated"
2190.16491167487,2.73651683801228,0.596745714874464,4.5857335374213,4.52395275301194e-06,0.000609775608132444,"ENSG00000160325.15","Upregulated"
5246.42186457618,3.03748269535972,0.66328866618222,4.57942800808428,4.66249232315168e-06,0.000619204575454062,"ENSG00000104522.16","Upregulated"
91.1508666478263,8.1557496601548,1.78117133766804,4.57886868471201,4.67497562859181e-06,0.000619204575454062,"ENSG00000170099.6","Upregulated"
15066.5058680481,3.649093111882,0.801520426016869,4.55271380919892,5.2958293936833e-06,0.000685585506931407,"ENSG00000013588.9","Upregulated"
146.04318946366,4.04215936532228,0.887746950338509,4.553278796149,5.28162034267728e-06,0.000685585506931407,"ENSG00000126262.5","Upregulated"
194.361321930724,5.16320581522049,1.13491545749432,4.54941888501533,5.37942649385018e-06,0.000692495385843163,"ENSG00000237330.3","Upregulated"
25032.036628592,5.18740037969809,1.14102831709899,4.54625034450225,5.46100767998282e-06,0.000699069999883388,"ENSG00000134824.14","Upregulated"
3149.58128506291,4.30474825606503,0.947540495352082,4.54307576001329,5.54393156036754e-06,0.000705742487634787,"ENSG00000115255.12","Upregulated"
401.586741403269,5.29116680302843,1.16586013650712,4.53842329567988,5.66764040840178e-06,0.000709662908842177,"ENSG00000170835.16","Upregulated"
80.2104462183375,5.35531941129927,1.17979892707352,4.53917976055723,5.64734771597669e-06,0.000709662908842177,"ENSG00000276966.2","Upregulated"
206.309260403095,3.4709536903006,0.765176312519461,4.53614890256071,5.72907383599727e-06,0.000712843799638548,"ENSG00000243742.5","Upregulated"
1007.21156631082,3.21057993937175,0.708560776096831,4.53112851808918,5.86694315615051e-06,0.000718904467807662,"ENSG00000108106.14","Upregulated"
86.5318442755556,5.21089874660265,1.14983551191348,4.53186450810779,5.84653467412326e-06,0.000718904467807662,"ENSG00000163888.4","Upregulated"
312.506933987071,5.92402446331569,1.30872226038084,4.52657117759409,5.99484138312387e-06,0.00073066912474947,"ENSG00000174672.16","Upregulated"
4232.06651412535,5.80680959704603,1.28595538466344,4.51556070008276,6.3149454361328e-06,0.000761582419597616,"ENSG00000060718.22","Upregulated"
1355.56581786623,2.53435808626699,0.561662036856024,4.51224743700569,6.41442941604826e-06,0.00076552206062151,"ENSG00000121900.19","Upregulated"
73.2721547624666,7.0317364005493,1.56128929783017,4.50380106385268,6.67486940247647e-06,0.000784348499940236,"ENSG00000188620.11","Upregulated"
58.1933696600119,5.12685642142378,1.14298032030965,4.48551591862479,7.27377154008167e-06,0.000833356005347157,"ENSG00000237423.3","Upregulated"
1815.01106514003,3.82969954797082,0.858981290199785,4.45842021434495,8.25659184567806e-06,0.000922885588057888,"ENSG00000197903.8","Upregulated"
57.2971285251944,3.66879232508556,0.824643030727118,4.44894601467819,8.62927003559324e-06,0.000958943898773844,"ENSG00000223813.3","Upregulated"
78.2962289795355,5.08888597568243,1.14857264994234,4.43061740668987,9.39636714281231e-06,0.00102527788909715,"ENSG00000114248.10","Upregulated"
47.884270028367,5.53707106473757,1.2515485745051,4.42417591896272,9.68111107336223e-06,0.00104638197705199,"ENSG00000282988.2","Upregulated"
227.718141907211,5.37717079931413,1.21753990398556,4.41642264184707,1.00347789896712e-05,0.00107451499497463,"ENSG00000101463.6","Upregulated"
168.528292586752,3.63446844390095,0.823832958027256,4.41165700945495,1.0258252559131e-05,0.00109329115879036,"ENSG00000175175.6","Upregulated"
161.803778638289,4.28293475862252,0.972538802411967,4.40387031139584,1.06336526699108e-05,0.00111770420769878,"ENSG00000213085.10","Upregulated"
21.1982643645367,7.93687031317848,1.80724111522048,4.39170526076162,1.124650911596e-05,0.00116082211659058,"ENSG00000101441.4","Upregulated"
1041.76106810633,2.86444154558531,0.653886967580593,4.38063715535402,1.1833277959837e-05,0.0012051010274298,"ENSG00000129911.9","Upregulated"
5856.71136474208,2.9893895949251,0.683032747685756,4.37664168380464,1.20521859087042e-05,0.00121124468382477,"ENSG00000105699.16","Upregulated"
3581.02548914898,2.6197053922132,0.598500458347817,4.37711509769767,1.20260476023128e-05,0.00121124468382477,"ENSG00000136908.18","Upregulated"
1686.37924043932,2.31870711595151,0.529946530135011,4.37536050167323,1.21231952088671e-05,0.00121306067692568,"ENSG00000198805.12","Upregulated"
89.6971458611524,9.03731471246573,2.06680062320713,4.37261079321826,1.22769477732011e-05,0.00122310426641361,"ENSG00000224223.1","Upregulated"
1391.38361435209,6.25947512922478,1.43388721605677,4.36538875521778,1.26896870844022e-05,0.00123889016260139,"ENSG00000101098.13","Upregulated"
9070.86579306475,4.51136915677472,1.03368789906616,4.36434359041092,1.27505038959563e-05,0.00123889016260139,"ENSG00000160211.19","Upregulated"
38.2813900859862,7.80989048517241,1.78960577495747,4.36402843266307,1.27688970315541e-05,0.00123889016260139,"ENSG00000166961.15","Upregulated"
99.3162667852887,3.65005071661511,0.836367877428188,4.36416894421978,1.27606934158264e-05,0.00123889016260139,"ENSG00000214077.4","Upregulated"
2638.97248582504,4.9676407083294,1.13915555887722,4.36080978547445,1.29581979462621e-05,0.00124275118266506,"ENSG00000171428.15","Upregulated"
29.6994678053441,4.66161893136375,1.06899697701117,4.3607409858139,1.29622733986624e-05,0.00124275118266506,"ENSG00000229404.6","Upregulated"
409.000293028937,2.92715826215744,0.673082943524524,4.34888194734174,1.36833341067728e-05,0.00129561949472145,"ENSG00000117152.14","Upregulated"
125.107672650406,4.82094035017334,1.10844325609433,4.34928926101297,1.3657946152164e-05,0.00129561949472145,"ENSG00000162975.5","Upregulated"
62.1939606876976,4.73356523943,1.08981389635506,4.34346199407224,1.4025475094037e-05,0.00132255035516364,"ENSG00000273983.1","Upregulated"
26.1339157148957,8.23892354566817,1.90167656181912,4.3324525900382,1.47457423085946e-05,0.00137351194820787,"ENSG00000070886.12","Upregulated"
1181.65442731673,3.02026287446508,0.698619500984089,4.32318718588685,1.53791141096105e-05,0.00140958808283046,"ENSG00000147804.10","Upregulated"
22.2175705615005,4.32313771169114,1.00075835755926,4.31986171190694,1.56127006854785e-05,0.00142388123804128,"ENSG00000184937.16","Upregulated"
14.2558778743021,6.38239124331874,1.4794579057923,4.31400664955098,1.60322120780621e-05,0.00144401638168668,"ENSG00000132026.14","Upregulated"
409.821157669833,3.30407582856991,0.76605133481548,4.31312586821061,1.60962417731116e-05,0.00144401638168668,"ENSG00000181649.8","Upregulated"
3205.22903245839,7.81807406007103,1.81283471807141,4.31262375005059,1.61328530030457e-05,0.00144401638168668,"ENSG00000256612.7","Upregulated"
21.5126842748621,4.32195542406505,1.00526346002975,4.29932609301958,1.71318245403075e-05,0.00152746547671831,"ENSG00000132677.13","Upregulated"
2151.3367990581,3.4674320636082,0.806906574622498,4.29719148741649,1.72975761117124e-05,0.0015362661202472,"ENSG00000176058.13","Upregulated"
342.931925160208,5.74917033927394,1.33890281910376,4.29394147001822,1.75528766797277e-05,0.0015475663964206,"ENSG00000188095.6","Upregulated"
49.4184786389021,4.72051133143937,1.09936494986279,4.29385285753245,1.7559887539031e-05,0.0015475663964206,"ENSG00000261235.1","Upregulated"
26.9067511898383,3.75771075945868,0.875355471332219,4.29278262662796,1.76447732558517e-05,0.00154908940377236,"ENSG00000270882.2","Upregulated"
77.572853799351,4.37249163879291,1.02522910760116,4.26489221421316,1.99998727783619e-05,0.00173589804864918,"ENSG00000243479.3","Upregulated"
42.3030280361262,3.19405187829064,0.749706880075358,4.26040091558128,2.04060532838194e-05,0.00176446907526581,"ENSG00000118160.14","Upregulated"
9413.43436452552,2.14089213253535,0.503441359881429,4.25251539333117,2.1138268143849e-05,0.00182091081296299,"ENSG00000136810.13","Upregulated"
29.6132005752399,3.38893404341009,0.797697279597264,4.24839613985028,2.15306423972907e-05,0.00184105632143965,"ENSG00000159261.12","Upregulated"
12637.5524453202,5.4293852548031,1.27799152187969,4.24837345307069,2.15328224729784e-05,0.00184105632143965,"ENSG00000189334.9","Upregulated"
440.24365424181,3.49354619951036,0.822684085949053,4.24652215738461,2.17114318150925e-05,0.0018438441707371,"ENSG00000109265.14","Upregulated"
54.1590870729729,2.96336070367266,0.697857717758061,4.2463680321438,2.17263649340586e-05,0.0018438441707371,"ENSG00000234949.2","Upregulated"
7544.59250102201,3.12240073951589,0.737571386600033,4.23335394545218,2.30231724461712e-05,0.00193242847410831,"ENSG00000167861.16","Upregulated"
5623.38456897366,2.29164450764644,0.541448116345061,4.23243601458205,2.3117369287292e-05,0.00193325328412047,"ENSG00000227500.10","Upregulated"
4160.45519579434,2.48063279811764,0.587771792109097,4.22040123636489,2.43867880525148e-05,0.00199571021941188,"ENSG00000064961.19","Upregulated"
532.957831244845,3.35835463920174,0.796485639381326,4.21646602669492,2.48160653341511e-05,0.00202361324223039,"ENSG00000204839.9","Upregulated"
2105.97995652379,2.67982175161859,0.636899696884516,4.20760406187553,2.58092562250344e-05,0.00206060382278899,"ENSG00000185803.12","Upregulated"
14373.277740732,3.70354671435504,0.880073870398099,4.20822255827201,2.57387297377335e-05,0.00206060382278899,"ENSG00000214530.9","Upregulated"
46.9180907974321,3.98787040502436,0.948803493695008,4.20305198233835,2.63340082899379e-05,0.00208794970918906,"ENSG00000235049.1","Upregulated"
297.093560318805,5.1843623916007,1.23576803845998,4.19525528274828,2.72564426632657e-05,0.00214623411404148,"ENSG00000183734.4","Upregulated"
31134.6319976823,3.62508725548791,0.864424063412078,4.19364454198425,2.74508022805671e-05,0.0021541359022497,"ENSG00000169710.9","Upregulated"
20189.7053189726,3.96516932650808,0.946553573835215,4.18905959061792,2.80112842893492e-05,0.0021831651979801,"ENSG00000008283.16","Upregulated"
24.0161878069689,3.90912426243889,0.9347535146933,4.18198402144709,2.88976283066642e-05,0.00223702788857737,"ENSG00000183971.10","Upregulated"
48.1540421415115,3.49405268128487,0.838183498899797,4.16860113074425,3.06474774581908e-05,0.00233307740357802,"ENSG00000232415.1","Upregulated"
4309.7962308014,2.70604373783847,0.649626896772783,4.16553524997434,3.10622921334187e-05,0.00233364380965625,"ENSG00000130669.17","Upregulated"
269.543316106542,4.40927406609013,1.06103954849167,4.15561707606297,3.24410770225248e-05,0.00242926417939259,"ENSG00000134668.12","Upregulated"
27.2000424731558,8.30036398103258,1.99906133096784,4.15213072878258,3.29393996942175e-05,0.00245854529183485,"ENSG00000109181.12","Upregulated"
368.034409794605,3.68168920225701,0.887140465726216,4.15006342794111,3.32383156452983e-05,0.00247280118407911,"ENSG00000160345.13","Upregulated"
437.861024110268,5.54788835082536,1.3390325260435,4.14320656363587,3.42483203574778e-05,0.00252951700891065,"ENSG00000275713.2","Upregulated"
432.501063764726,3.00977763939221,0.728599444677986,4.13090850037968,3.61332391847791e-05,0.00262843505612707,"ENSG00000188483.8","Upregulated"
154604.520359743,5.62344458803804,1.36518342560964,4.11918609803429,3.80212990143e-05,0.00274832821960149,"ENSG00000140443.15","Upregulated"
2206.34688399958,3.04880918665265,0.740532034530314,4.1170523954259,3.83748854437944e-05,0.00276516391528021,"ENSG00000160446.19","Upregulated"
699.054955706469,2.54155246676368,0.617722467772973,4.11439214106384,3.88201019763084e-05,0.00278847591437345,"ENSG00000090971.5","Upregulated"
22.3987464986842,4.02008595268184,0.981502061294397,4.09585074878007,4.20620863258394e-05,0.0029655712186778,"ENSG00000075891.22","Upregulated"
570.757305388184,3.7303988412299,0.91272162786735,4.08711564110329,4.36769440740069e-05,0.00306059173245197,"ENSG00000106089.12","Upregulated"
10561.067224485,3.22380886327814,0.790526963888853,4.07805047840393,4.54149077800074e-05,0.00316303099352915,"ENSG00000182481.10","Upregulated"
4623.50419772638,3.09170580560151,0.758370995711239,4.0767722171415,4.56651875533205e-05,0.00317082456847511,"ENSG00000197496.6","Upregulated"
3031.42216032982,3.42297405831978,0.839946281857652,4.0752297286791,4.59689438683296e-05,0.00318227305075198,"ENSG00000085831.15","Upregulated"
60.34094927337,4.97254856946396,1.22122257964831,4.07177909443498,4.66554161849824e-05,0.0032200668869358,"ENSG00000137825.11","Upregulated"
14094.101471039,2.44793556909229,0.602062501018624,4.06591602192571,4.7844163131182e-05,0.00328018637678781,"ENSG00000159335.18","Upregulated"
73.2746665441304,3.98929269735483,0.982105539221525,4.06197963257287,4.86583233263832e-05,0.00331832387113317,"ENSG00000228613.1","Upregulated"
49.2026231822046,6.03406563080608,1.48731817960196,4.057010607119,4.97048254296357e-05,0.00336963423045761,"ENSG00000179292.5","Upregulated"
138.096798918296,3.48808364955341,0.861757309809027,4.04764033893301,5.17365626304315e-05,0.00347651494461498,"ENSG00000233493.4","Upregulated"
274.484376030488,6.48867967391369,1.60651327075276,4.03898292783682,5.36834718583175e-05,0.00358168602768623,"ENSG00000100604.13","Upregulated"
677.278074025276,3.4800275688761,0.864263563367506,4.02658137676957,5.6593658863539e-05,0.00372639971034233,"ENSG00000276180.1","Upregulated"
539.136836623094,3.62503057832127,0.901169341491492,4.02258533598315,5.7562787919872e-05,0.003779351640103,"ENSG00000169258.7","Upregulated"
717.625690737927,4.9886530737513,1.24116319187085,4.01933694652331,5.8362155545575e-05,0.00382088694906088,"ENSG00000162482.5","Upregulated"
597.577214747864,2.83174419180213,0.704713838995616,4.01828946035463,5.86221559754876e-05,0.00382697459265619,"ENSG00000167523.14","Upregulated"
2577.22639230055,5.4109996003986,1.34686615445004,4.01747388374166,5.88253524050292e-05,0.00382932990059329,"ENSG00000233622.3","Upregulated"
14.9797295956157,7.43919363894522,1.85250091673629,4.01575706210796,5.92552709795486e-05,0.00384638889298974,"ENSG00000277775.2","Upregulated"
12182.3011246729,2.62845328168152,0.654858003560142,4.01377591384988,5.97550786204501e-05,0.00386787534324574,"ENSG00000188643.11","Upregulated"
743.64814901666,2.32817323899146,0.580902292977503,4.00785685843665,6.12722365259839e-05,0.00394379783077639,"ENSG00000178896.9","Upregulated"
30.8883363171254,5.30102516669372,1.32387654253984,4.00416881511004,6.22359117786696e-05,0.00399460415265108,"ENSG00000083782.8","Upregulated"
11518.0820875431,3.09240842542191,0.77350333706467,3.99792512487036,6.39001562819626e-05,0.00406273954842151,"ENSG00000106537.8","Upregulated"
1548.43454401983,4.20014130915101,1.05137109575353,3.99491799433645,6.47166494282379e-05,0.00406273954842151,"ENSG00000121270.16","Upregulated"
163.200666009086,5.67278678837902,1.42023028822228,3.99427250314436,6.48931951960493e-05,0.00406273954842151,"ENSG00000170608.3","Upregulated"
21.1936226955173,5.11957032617956,1.28153450528606,3.99487513216571,6.47283583873864e-05,0.00406273954842151,"ENSG00000274641.2","Upregulated"
113.716714500358,3.71359132088982,0.93016870334056,3.99238472284975,6.54121342313691e-05,0.00407297185809128,"ENSG00000086717.18","Upregulated"
2097.65184110126,4.56248072090345,1.14360517582236,3.98955934911941,6.61961553243473e-05,0.00411061979160459,"ENSG00000169862.19","Upregulated"
14746.3422563305,3.8724174607232,0.973466688055423,3.97796607550964,6.95072855717634e-05,0.00426994622410559,"ENSG00000109062.12","Upregulated"
1609.65089880452,2.04770018559918,0.516747434195002,3.96267122020474,7.4115817059428e-05,0.00449283024365009,"ENSG00000147383.11","Upregulated"
49.6889610487822,5.21743602368387,1.31688959171924,3.96193884171593,7.43435858680482e-05,0.00449474650812785,"ENSG00000135638.14","Upregulated"
77.2753856551455,4.20893548700566,1.06506183999391,3.95182263504037,7.755821692253e-05,0.00465227482346296,"ENSG00000203635.2","Upregulated"
2114.13129430039,5.21530699096294,1.3204026617017,3.94978527553224,7.82213332268345e-05,0.00466761361864502,"ENSG00000105664.11","Upregulated"
28.1102610355521,6.08372495812169,1.54151755232973,3.94658169731977,7.92748797562384e-05,0.00470438854065163,"ENSG00000105695.15","Upregulated"
385.137242587348,4.64613797150898,1.17964408548711,3.93859302875278,8.19608154350637e-05,0.00481551314071551,"ENSG00000123364.5","Upregulated"
111.934476467167,5.51792397050925,1.40855402665562,3.91743863997227,8.9494815748242e-05,0.00515247288456085,"ENSG00000251151.2","Upregulated"
2548.2721971328,3.88044568894674,0.991789617884017,3.91256937860034,9.13192905038414e-05,0.00521818010624694,"ENSG00000187608.10","Upregulated"
3856.64787253999,2.34210113290705,0.598902953450434,3.91065216728954,9.20472487293091e-05,0.00523367408779997,"ENSG00000162729.14","Upregulated"
86.5335026179573,3.5234568155917,0.902634905038433,3.90352377902079,9.48022311836773e-05,0.00535048848606597,"ENSG00000224271.7","Upregulated"
3190.61313524111,6.19975200827999,1.58871840081271,3.90236054741262,9.5259121449699e-05,0.00536306513242851,"ENSG00000019505.8","Upregulated"
43.6671306671708,2.71530334666461,0.696096679335438,3.9007560691956,9.58927359460638e-05,0.00538550527320614,"ENSG00000272468.1","Upregulated"
254.807558974381,3.28209920692797,0.841653290368864,3.89958578488959,9.63573932262992e-05,0.00539836994715751,"ENSG00000260228.6","Upregulated"
740.982906435417,2.71551605059788,0.700663442819058,3.87563541159253,0.000106346818362316,0.00588606520761863,"ENSG00000121753.12","Upregulated"
2377.30805838553,5.38629805664746,1.39107552079678,3.87203856017988,0.000107928872097257,0.00595923415719649,"ENSG00000174469.23","Upregulated"
18.6029638570221,4.52561899761503,1.16991111519814,3.8683443031042,0.000109576868895105,0.00602120952964614,"ENSG00000261742.6","Upregulated"
1235.75285137235,2.44035422788468,0.631461754382411,3.86461129426821,0.000111266248407519,0.00607036860954734,"ENSG00000123975.5","Upregulated"
2168.54625087495,4.46598156058198,1.16172435386379,3.84426955131701,0.000120912046658654,0.00648126257467521,"ENSG00000175063.17","Upregulated"
2140.65031220821,2.10288464593206,0.54847798032223,3.83403659103437,0.000126057377283715,0.00669952109748728,"ENSG00000102100.16","Upregulated"
1150.46377950001,4.53288325585,1.1835337575774,3.82995687856715,0.000128165716298672,0.00678242314842443,"ENSG00000176532.4","Upregulated"
6.77192261817897,6.29291507775356,1.6436318436402,3.82866461373519,0.000128840441921416,0.00680241909259754,"ENSG00000270460.1","Upregulated"
739.081644250772,3.12944308578685,0.819149908288517,3.82035455796525,0.000133259968888889,0.00697150439981735,"ENSG00000183682.8","Upregulated"
966.817584089792,2.74603828922122,0.719804911004474,3.81497576251483,0.000136196300665672,0.00709273189421185,"ENSG00000239672.8","Upregulated"
423.874916814958,5.0894092316811,1.33462549975316,3.81336130069627,0.000137089474785414,0.00711975568246215,"ENSG00000204832.10","Upregulated"
237.112639210761,6.47881009327924,1.70096237523628,3.80890852590392,0.000139581580163434,0.00719221255060255,"ENSG00000159184.8","Upregulated"
29.5626963801813,3.46434433868488,0.909577201032614,3.80874139627941,0.000139675944183387,0.00719221255060255,"ENSG00000279148.1","Upregulated"
47.171456338755,6.91639712609643,1.81724280968611,3.80598403759324,0.00014124149229911,0.0072241240056737,"ENSG00000253154.2","Upregulated"
12.1211598689167,6.16504255652017,1.6205226506226,3.80435444956699,0.000142174479468613,0.00723972572386374,"ENSG00000251138.7","Upregulated"
2197.73467004949,3.09764384158916,0.814492754274224,3.8031570266692,0.000142863735509694,0.00724243282183435,"ENSG00000166923.12","Upregulated"
937.735314222582,4.45019806206128,1.17137304967456,3.79912963107496,0.000145205132193046,0.00731259428367352,"ENSG00000223573.7","Upregulated"
152.464263083112,4.19886331313264,1.10934139123009,3.78500554142015,0.000153705153522867,0.00759051699961847,"ENSG00000167889.13","Upregulated"
457.601052396643,2.32397061025846,0.614240509629874,3.78348639307236,0.000154646782750844,0.00762059436548999,"ENSG00000180806.5","Upregulated"
33.5588221994506,6.3024195849954,1.66673897480036,3.78128770028329,0.000156019241334573,0.00765284156285356,"ENSG00000166159.11","Upregulated"
15.1692591471266,4.3624956001599,1.1540066147652,3.7803038079184,0.000156637108011622,0.00765284156285356,"ENSG00000170965.10","Upregulated"
9016.40527696112,2.09705604502233,0.554709221020326,3.78046004204694,0.000156538842226896,0.00765284156285356,"ENSG00000206053.13","Upregulated"
4881.07362301192,2.10145649379242,0.556921035318719,3.77334731590769,0.000161071809632848,0.00777010409668858,"ENSG00000198931.11","Upregulated"
1769.53497757183,3.70220979462108,0.984976676136978,3.75867762589155,0.000170813753021649,0.00810357419614507,"ENSG00000196557.13","Upregulated"
4822.32944643327,2.21878815223015,0.590619275070409,3.75671476682783,0.00017215852947945,0.00815049699275229,"ENSG00000103202.13","Upregulated"
3582.4069294414,2.37327205225631,0.632609707620046,3.75155806758775,0.000175739038614597,0.00830285429033997,"ENSG00000136770.11","Upregulated"
56.3443355609158,4.26850960454302,1.13937115672513,3.74637323347023,0.000179409600207439,0.00841555227081444,"ENSG00000184260.6","Upregulated"
27.5749533003917,4.04080738229232,1.0786658101221,3.74611612268949,0.000179593482605755,0.00841555227081444,"ENSG00000260710.1","Upregulated"
40.5530404644185,5.20272594481071,1.38870318930486,3.74646359631032,0.000179345015892207,0.00841555227081444,"ENSG00000279685.2","Upregulated"
3974.72205941577,2.04919145252668,0.547879032265199,3.74022609343949,0.000183854801559525,0.00856270106287594,"ENSG00000147400.10","Upregulated"
1162.92652368799,2.35201618999673,0.629629009337713,3.73555880544758,0.000187298802609998,0.00870540519879411,"ENSG00000228300.14","Upregulated"
1107.1693551919,2.78428449813804,0.745751848781034,3.7335267793021,0.000188817107663447,0.00874666940165815,"ENSG00000104524.14","Upregulated"
26.4380510207584,4.42027767557246,1.18399779218545,3.73334959300339,0.000188950045990259,0.00874666940165815,"ENSG00000116014.10","Upregulated"
203.081588325381,3.80978322973866,1.02114772158408,3.73088354330227,0.000190809415993295,0.00879719709873311,"ENSG00000218416.4","Upregulated"
2587.48660021129,2.08297902529358,0.558386755233077,3.7303517781759,0.000191212607605422,0.00879808371620609,"ENSG00000140743.8","Upregulated"
619.923692521956,2.42776198452975,0.65092311976413,3.72972154593231,0.000191691495142041,0.00880244272481909,"ENSG00000110628.16","Upregulated"
548.696021155742,2.68841518318882,0.721324256048268,3.72705501117783,0.000193730186182997,0.00886054588063311,"ENSG00000141854.9","Upregulated"
4193.17121643073,1.98267817402298,0.532101980690242,3.72612440091099,0.000194446465031693,0.00887559023851837,"ENSG00000005486.17","Upregulated"
97.9664924712361,3.05062962962281,0.818890822295198,3.72531911039431,0.000195068294617074,0.00888627217267521,"ENSG00000285906.2","Upregulated"
385.976602139334,5.35373937566387,1.44157981587227,3.71380017722046,0.000204170028731749,0.00915738811277746,"ENSG00000133169.6","Upregulated"
182.30773819841,5.4163321875929,1.45845671584462,3.71374215549222,0.000204216868535798,0.00915738811277746,"ENSG00000142619.4","Upregulated"
2829.56100194031,3.34313123333738,0.9003406888764,3.7131846584758,0.000204667439688447,0.0091596674082443,"ENSG00000196507.11","Upregulated"
340.991907628983,4.73982814910808,1.27758393848025,3.7099935325943,0.000207264542019772,0.00923980489463238,"ENSG00000124249.7","Upregulated"
627.1815394739,2.61620986943882,0.706266993830417,3.70427882414536,0.000211992981480989,0.00943224694690364,"ENSG00000158792.16","Upregulated"
126.671068270655,4.51771564957366,1.22033111820257,3.70204084955878,0.000213872172631649,0.00949741659628217,"ENSG00000261039.3","Upregulated"
116.730295440041,4.21994150351209,1.14051283708337,3.70003858466314,0.000215566689287265,0.0095357048616378,"ENSG00000143512.13","Upregulated"
155.351010046208,3.91736660473794,1.06122759965497,3.69135386792766,0.000223063541231801,0.00979727679208773,"ENSG00000025423.11","Upregulated"
12.8977032021154,6.23566840243957,1.68955206743151,3.6907228386984,0.000223617690593606,0.00979727679208773,"ENSG00000127588.5","Upregulated"
5542.79732215212,2.24330354400415,0.607785711332978,3.69094485469921,0.00022342257617174,0.00979727679208773,"ENSG00000137501.17","Upregulated"
645.694365128948,2.24694605186899,0.609059217242509,3.68920786067724,0.000224953375131944,0.0098369878583461,"ENSG00000182325.11","Upregulated"
91.1156675645896,6.31636652846191,1.71807202552444,3.67642708490864,0.000236523418749072,0.0102840561996513,"ENSG00000231431.7","Upregulated"
8990.39136484489,4.67106550704502,1.27152434624973,3.67359502067106,0.000239161682009831,0.0103399071350439,"ENSG00000124664.11","Upregulated"
676.725877139695,4.52089099002921,1.23040156305809,3.67432155953444,0.000238482240318971,0.0103399071350439,"ENSG00000185352.8","Upregulated"
679.263017898686,3.20921761537636,0.874096612910116,3.67146785375585,0.000241161415085752,0.0103871666640506,"ENSG00000163040.15","Upregulated"
1967.79389728216,3.17589373361689,0.86522818761443,3.67058514629918,0.000241995838019813,0.0103958197521857,"ENSG00000097021.20","Upregulated"
44.9141332580537,8.03621881408156,2.18952876501594,3.67029606666211,0.000242269693098855,0.0103958197521857,"ENSG00000145920.15","Upregulated"
1169.4669637275,5.45606592690761,1.49118615507919,3.65887646443302,0.000253323408252153,0.0107893170570443,"ENSG00000099812.9","Upregulated"
7301.73066391524,4.24026285600188,1.15967696246957,3.65641725517434,0.000255764918077292,0.010873093381861,"ENSG00000099994.11","Upregulated"
70.4624416944536,5.34028117953677,1.46129607766291,3.65448266177352,0.000257701076528885,0.0109041049544561,"ENSG00000204710.2","Upregulated"
30.7459982434295,4.19400340440112,1.14804442785639,3.65317169147547,0.000259020910357166,0.0109103035660369,"ENSG00000159409.15","Upregulated"
763.43133452298,2.95074892698173,0.808286379386026,3.65062309873774,0.000261604891561708,0.0109416410351571,"ENSG00000130762.15","Upregulated"
35.8636524393776,2.53428522959011,0.693999848318022,3.65170862174135,0.000260501354684999,0.0109416410351571,"ENSG00000227359.1","Upregulated"
18.0376879727749,5.04858070457924,1.38356623367542,3.6489620675172,0.000263301974773186,0.0109696389999141,"ENSG00000197153.5","Upregulated"
10.6950636544093,5.9629995923397,1.63441085273968,3.64840920038205,0.000263869127352127,0.0109733161236781,"ENSG00000231123.1","Upregulated"
128.718017832237,2.84527265000448,0.780538281778856,3.64526983035357,0.000267111391522015,0.0110880261328541,"ENSG00000203814.6","Upregulated"
918.81367833037,2.13550850933496,0.586031419019251,3.64401709537831,0.000268415579861527,0.0111220155460163,"ENSG00000141337.12","Upregulated"
1911.58101674396,2.0566448564779,0.565416008448631,3.63740118027584,0.000275402800715473,0.0113704140100799,"ENSG00000007541.17","Upregulated"
2918.49149881123,4.62091908111374,1.27149078520308,3.63425290602928,0.000278787294245439,0.0114894461516906,"ENSG00000049283.18","Upregulated"
28449.8691293679,5.62842277911457,1.55099995906505,3.62889937309052,0.000284632153751245,0.0116590639040588,"ENSG00000106541.12","Upregulated"
65.2318641509218,5.14210281065692,1.41667575227287,3.62969635246958,0.00028375481641589,0.0116590639040588,"ENSG00000238117.1","Upregulated"
494.050636766562,4.30058009827484,1.18676070959474,3.6237971677908,0.000290309302207853,0.0118155370351523,"ENSG00000198807.13","Upregulated"
60.5679496327827,5.71540594369733,1.57747093136895,3.62314501652174,0.000291042539448206,0.0118243772143904,"ENSG00000185467.7","Upregulated"
54.9407287901166,4.63033552035958,1.27864659197481,3.62127858426325,0.000293150635610724,0.0118679393363677,"ENSG00000286456.1","Upregulated"
1200.31520056008,3.71574772141626,1.02632357689998,3.62044466779154,0.000294097142323988,0.0118852591167758,"ENSG00000127585.12","Upregulated"
881.299204501795,2.27464117938731,0.628931562588349,3.61667519121808,0.000298411374029323,0.0119961372359788,"ENSG00000160404.18","Upregulated"
4123.25731936849,1.83051505289227,0.506362704624411,3.61502740264024,0.000300315854256488,0.0120515542634556,"ENSG00000150403.18","Upregulated"
821.731318304086,2.3415570722018,0.648421131744003,3.61116712205834,0.000304822149525699,0.0121716417051706,"ENSG00000007402.12","Upregulated"
13782.7804282734,2.98962236714761,0.827898137330592,3.61109927941994,0.0003049019088229,0.0121716417051706,"ENSG00000135052.16","Upregulated"
6156.10411241529,2.25336370249222,0.624486442099722,3.60834687605978,0.000308154304492383,0.0122587634255876,"ENSG00000149923.14","Upregulated"
59.9705625238912,4.85537088967376,1.34670063072217,3.60538250217501,0.000311693493907677,0.0123233500351022,"ENSG00000054356.14","Upregulated"
19.0206768269381,3.28147775433309,0.910210315025706,3.60518629613686,0.0003119290835454,0.0123233500351022,"ENSG00000173838.12","Upregulated"
1256.04842540748,2.89168029805804,0.803050850564806,3.60086823396582,0.00031715629121313,0.0124653846601332,"ENSG00000124171.9","Upregulated"
27.2717263158036,5.13341760628266,1.42833088630629,3.59399748020422,0.00032564298629116,0.0127551852784199,"ENSG00000139352.4","Upregulated"
290.251332069403,3.5014356978279,0.974137195753105,3.59439688074014,0.000325143888484295,0.0127551852784199,"ENSG00000170684.9","Upregulated"
771.562905219079,3.94063931279789,1.09714530196725,3.59172053668012,0.000328502016717453,0.0128452136707572,"ENSG00000064270.13","Upregulated"
10.0859120135415,5.05302488517213,1.4079356726554,3.58896005216063,0.00033199970479761,0.012959865818965,"ENSG00000253102.1","Upregulated"
1887.30950102558,2.36997854392284,0.661828877478606,3.58095366426415,0.00034234236857007,0.013273152340803,"ENSG00000168701.19","Upregulated"
1509.18140775534,2.18823852400931,0.611277664519525,3.57977830865013,0.000343885826117051,0.0132780613612767,"ENSG00000179627.10","Upregulated"
19.9964949405195,4.69081122345686,1.31045302633663,3.57953404600088,0.00034420740370945,0.0132780613612767,"ENSG00000185130.5","Upregulated"
4920.05231228478,1.94750387244501,0.544237671548103,3.57840696125512,0.00034569488465193,0.0132999879090475,"ENSG00000185043.12","Upregulated"
4703.63831978143,3.45973183178872,0.967012795050679,3.57775186584517,0.000346562214092001,0.0133017195539432,"ENSG00000006118.15","Upregulated"
13.2383880844071,7.26315699523444,2.0336956047023,3.57140811950451,0.000355067111066722,0.0135374505540481,"ENSG00000177234.7","Upregulated"
79.5263151472338,3.31297265664968,0.92826351733744,3.56900017589009,0.000358346185007063,0.0136313310141353,"ENSG00000197191.6","Upregulated"
172.011926286238,4.84274593887741,1.35722789043144,3.5681155486261,0.000359557943745944,0.0136405806672095,"ENSG00000124493.14","Upregulated"
14655.6256603213,2.27154199738088,0.636929958096001,3.56639214172197,0.00036192967095374,0.0137078619508,"ENSG00000185825.17","Upregulated"
3487.33254486543,2.80916604480256,0.788015490242996,3.5648614520716,0.000364048442005936,0.0137653564358482,"ENSG00000169241.19","Upregulated"
393.586530500689,3.67601893253061,1.0315894709365,3.56345138846119,0.000366010500587862,0.013794020740905,"ENSG00000088002.12","Upregulated"
130.079517069689,6.11581995456959,1.7165479180878,3.56286002279652,0.000366836306153828,0.0138024419034628,"ENSG00000243064.8","Upregulated"
95.6313192507392,5.71409054157021,1.60424585496621,3.56185463959984,0.000368244261158325,0.0138327032789867,"ENSG00000178235.8","Upregulated"
6232.9904118418,2.7683307909652,0.777726079386409,3.55951904448066,0.000371534591326775,0.013887999389334,"ENSG00000103257.9","Upregulated"
587.698872699003,2.15159002668563,0.605037299261814,3.55612791031349,0.000376360890669034,0.0139772016998221,"ENSG00000147155.11","Upregulated"
2353.96007861223,4.31687470523328,1.2136841446401,3.55683537953229,0.000375349200702737,0.0139772016998221,"ENSG00000158406.5","Upregulated"
70.6003818829891,2.53936008813764,0.714059780712632,3.55622898352202,0.00037621619879867,0.0139772016998221,"ENSG00000182379.10","Upregulated"
14.0229836292294,5.53947651984592,1.56066660850483,3.54942976908625,0.000386066431768576,0.014199560541806,"ENSG00000260284.1","Upregulated"
184.926870040926,5.07051008860366,1.42961099361277,3.54677608892051,0.000389975885086114,0.0142974518893812,"ENSG00000283023.1","Upregulated"
77.3261288491683,4.36829475624518,1.23222215966428,3.54505453581141,0.000392531862009601,0.0143681710640384,"ENSG00000101222.12","Upregulated"
743.404899838642,4.90426503317855,1.38381216150679,3.5440250993592,0.000394067728478226,0.0144013842589315,"ENSG00000074211.14","Upregulated"
2438.30794126396,3.1061960309456,0.877102967876568,3.54142688453738,0.000397969138573087,0.0145208038873626,"ENSG00000117308.15","Upregulated"
4028.17560561377,1.88665377581398,0.532989858764199,3.53975548463232,0.000400497910657255,0.0145898396260737,"ENSG00000132254.13","Upregulated"
70.2113854875271,2.2454127360876,0.63536103375416,3.53407372627201,0.000409206916984342,0.0147662477098885,"ENSG00000166246.14","Upregulated"
252.563142181729,2.76613371675084,0.783499191171695,3.53048700996638,0.000414795383284333,0.0149443732902157,"ENSG00000186792.17","Upregulated"
85.2673913958353,3.40565628715884,0.96601801320211,3.52545836683721,0.00042275062092022,0.0151547841076586,"ENSG00000186564.6","Upregulated"
1873.23767402146,2.27952780532452,0.646820437327003,3.52420497834717,0.000424755524941394,0.0151743863901523,"ENSG00000171159.5","Upregulated"
53.5639932060019,3.95261110274258,1.12163994701521,3.52395714262928,0.000425153009621968,0.0151743863901523,"ENSG00000261327.5","Upregulated"
30.8028796282896,3.49082894454874,0.991723729317991,3.51996109536411,0.000431610102418435,0.0152527791706395,"ENSG00000124140.14","Upregulated"
75.4424508833048,3.66997407575857,1.04302264095514,3.51859483356738,0.00043383872676715,0.0152527791706395,"ENSG00000253125.1","Upregulated"
5805.40707590387,2.60942924807296,0.741922201199367,3.51711977867038,0.000436256870399903,0.0152666470523306,"ENSG00000158747.15","Upregulated"
135.222880932225,3.46237783987317,0.984901204985334,3.51545700456801,0.000438997836809793,0.0153049407667718,"ENSG00000187867.10","Upregulated"
90.4145734238453,6.01080578896475,1.71145843925033,3.51209567881628,0.00044458791147162,0.0154133036284489,"ENSG00000135226.18","Upregulated"
2089.46398202664,2.80047225885888,0.797566981485363,3.51126905183985,0.000445972781079761,0.0154133036284489,"ENSG00000177732.8","Upregulated"
30693.3714940826,2.22345026158667,0.633989529191682,3.50707726107323,0.000453057584466201,0.0156345805579195,"ENSG00000172757.13","Upregulated"
350.701326607836,4.32942094518105,1.23487206768739,3.5059671835391,0.000454951308582088,0.0156763222328571,"ENSG00000187634.12","Upregulated"
3397.11752796217,2.77095193083589,0.79371569060037,3.49111396391816,0.000481011028449087,0.0163287210457517,"ENSG00000106077.18","Upregulated"
73.9077081073637,5.86950688871837,1.68171931284809,3.49018224615498,0.000482691252074511,0.016361519748573,"ENSG00000231133.8","Upregulated"
18563.449374061,5.37193730335861,1.54013627393741,3.48796232792121,0.000486716650413381,0.0164178467442869,"ENSG00000253755.1","Upregulated"
19.5782117399994,5.22432052979073,1.49793294845244,3.48768650505227,0.000487218983421274,0.0164178467442869,"ENSG00000261538.1","Upregulated"
16.1536492191046,5.74726700014542,1.64780619159179,3.48782947258714,0.000486958548341248,0.0164178467442869,"ENSG00000286522.2","Upregulated"
1416.84003518091,1.8365498945207,0.527616792826433,3.48084048781377,0.000499843070762785,0.0167692593315643,"ENSG00000185420.19","Upregulated"
3297.58128066592,6.71569668403434,1.93134921818458,3.47720475448088,0.000506670728487597,0.0169239840707942,"ENSG00000251039.2","Upregulated"
15525.4880453319,2.79778189726552,0.805364094623432,3.47393423166411,0.000512886731319335,0.0170818118625745,"ENSG00000115468.12","Upregulated"
4129.20371721864,2.51204322203623,0.723316327249086,3.4729524654725,0.000514766517299074,0.0171195355259666,"ENSG00000136811.16","Upregulated"
48.9354794230413,3.55232028713414,1.02333979034661,3.47130085299521,0.00051794335250733,0.0171743310450139,"ENSG00000211452.11","Upregulated"
386.714305751102,3.19473650006172,0.920545318439249,3.47048258903569,0.000519524023221338,0.0171780280924874,"ENSG00000178531.6","Upregulated"
6.24611800435453,6.18126896682272,1.78183288709748,3.46905089224822,0.000522300504940234,0.0172201349211518,"ENSG00000263655.1","Upregulated"
3184.04205478764,2.21018455223002,0.637442869605103,3.46726688400992,0.000525779574896685,0.0172965854353248,"ENSG00000106638.17","Upregulated"
461.5233995036,3.84249069517913,1.10827598020369,3.46708830996491,0.000526129006215474,0.0172965854353248,"ENSG00000170786.12","Upregulated"
579.591256690353,3.45592354155292,0.997201111931829,3.46562343363008,0.000529003636939283,0.0173413295233573,"ENSG00000186193.9","Upregulated"
3235.0754089171,2.82991151538567,0.81697970082804,3.46387004783283,0.00053246367298657,0.0173965666274328,"ENSG00000104549.12","Upregulated"
24.6928124542273,5.85206318172406,1.69042067002885,3.46189755336118,0.000536381286109057,0.017483130568852,"ENSG00000108688.11","Upregulated"
746.652879624536,2.9432986072058,0.850453814469473,3.46085649464912,0.000538459766735607,0.0175259475780962,"ENSG00000114529.13","Upregulated"
14451.3233683907,3.05435909150901,0.883921010632385,3.45546610474145,0.000549342257306602,0.0177540599209076,"ENSG00000167106.12","Upregulated"
272.087739244755,4.29536433320793,1.24429207234083,3.45205472950356,0.000556334869715528,0.0179042938267719,"ENSG00000121101.16","Upregulated"
540.728572549684,2.76564416846766,0.80161034157557,3.45011039033226,0.000560357364844068,0.0179832334146176,"ENSG00000164087.8","Upregulated"
218.463621965605,3.02089608533786,0.876736995927346,3.44561265165112,0.000569766427384,0.0181076670139764,"ENSG00000154920.15","Upregulated"
156.535659166973,1.85415209710978,0.538069557881909,3.44593383875605,0.000569089671123597,0.0181076670139764,"ENSG00000173013.6","Upregulated"
8560.82421562652,1.96157910105527,0.569717652453156,3.44307235805119,0.000575145407930985,0.0182532989990728,"ENSG00000101294.18","Upregulated"
3603.44136474654,1.93856815546868,0.563299107049257,3.4414543378624,0.000578596117657208,0.01828682957241,"ENSG00000141985.9","Upregulated"
6484.32496127777,3.884461637621,1.13037078298254,3.43644908033775,0.000589393132188979,0.0185109831018506,"ENSG00000073350.14","Upregulated"
19.6609430583689,5.19356409453324,1.51158977022334,3.43582908328752,0.000590743527869245,0.0185175064262597,"ENSG00000188624.3","Upregulated"
465.373269092781,3.50487834562594,1.02025047542824,3.4353116514401,0.000591872733850167,0.0185228289874198,"ENSG00000127564.17","Upregulated"
14.7885194822642,4.40789028660805,1.28322455131549,3.43501087326402,0.000592530053582035,0.0185228289874198,"ENSG00000156564.9","Upregulated"
903.727145354363,1.94364891351943,0.566600385709666,3.4303699089174,0.000602758923650753,0.0187403228989598,"ENSG00000180035.13","Upregulated"
59.4834638894901,3.30087613292281,0.962759525805563,3.42855722996964,0.000606798585732092,0.0188403560887062,"ENSG00000243449.6","Upregulated"
2936.15174572289,3.01082909097964,0.878896529935359,3.42569231807193,0.000613234623460262,0.0189375446926798,"ENSG00000100889.12","Upregulated"
143.841878615648,4.76832821234211,1.39178247566314,3.42605852259359,0.000612408416938855,0.0189375446926798,"ENSG00000225969.2","Upregulated"
13973.9546776616,2.19107870777129,0.640686555735988,3.41989181473347,0.00062646044214035,0.019139619428272,"ENSG00000004478.8","Upregulated"
100.977450909445,2.66194198394571,0.77858269057901,3.41895859766173,0.00062861290456102,0.0191798083823052,"ENSG00000274290.3","Upregulated"
35.5031686528583,4.0733106436233,1.19190552451874,3.41747777808816,0.000632042536033573,0.0192077223748983,"ENSG00000153060.8","Upregulated"
18.416508994636,5.46515531133674,1.60359595545017,3.40806254391089,0.000654258968147539,0.0196998927963808,"ENSG00000236516.1","Upregulated"
11.3415437998608,6.07275721776665,1.78225351232535,3.40734759436293,0.000655975307830956,0.0196998927963808,"ENSG00000251026.2","Upregulated"
1104.68134924375,2.2951798401642,0.673992086979485,3.40535131569587,0.000660789855809029,0.0197925996810563,"ENSG00000162063.13","Upregulated"
21318.7035472509,2.30799733672863,0.679301275011084,3.39760489436881,0.000679785214640741,0.0201769409433652,"ENSG00000092820.18","Upregulated"
117.267466820811,3.42324614719269,1.00797326124491,3.3961676155623,0.000683364983833317,0.0202229689414252,"ENSG00000249684.6","Upregulated"
303.258714327001,5.46556258718139,1.61023269845527,3.39426878638387,0.000688121186858498,0.0202539746564898,"ENSG00000123407.4","Upregulated"
824.857272300952,1.95226800505983,0.57626564774276,3.38779174623178,0.000704577394734585,0.0205243655887935,"ENSG00000164885.13","Upregulated"
24.5406705704973,4.84596338090438,1.4346701529705,3.37775437153324,0.000730803271250511,0.0211701974177424,"ENSG00000287080.2","Upregulated"
1297.74537169826,2.74159222869322,0.811929395141449,3.37663871402955,0.000733773622293794,0.0212294050268182,"ENSG00000185924.7","Upregulated"
43.584088583241,4.91770372187896,1.45790508730682,3.37313022959774,0.000743187931752308,0.0214206393310345,"ENSG00000130643.9","Upregulated"
1022.06443816519,2.14703558483129,0.637120393030761,3.36990560703592,0.0007519393676501,0.0216456515958975,"ENSG00000111775.3","Upregulated"
125.941190867836,3.09427075271346,0.918680657225751,3.3681679573592,0.000756694831533637,0.0217552137638165,"ENSG00000233930.4","Upregulated"
179.626987430532,4.49658967496426,1.33730937153079,3.36241543706308,0.000772637867705623,0.0221780276793839,"ENSG00000176406.23","Upregulated"
88.9675574752165,3.69036408985283,1.09788486319969,3.36133980306241,0.00077565336305795,0.0221780276793839,"ENSG00000179528.16","Upregulated"
564.115513001936,1.97212133861173,0.586668602708303,3.36155937015822,0.0007750369297447,0.0221780276793839,"ENSG00000181444.13","Upregulated"
29.2785971719729,3.81713984543488,1.13567132839415,3.36113076908647,0.000776240647589502,0.0221780276793839,"ENSG00000274213.1","Upregulated"
7.35994833686211,5.43458903655139,1.61791416786608,3.35900948547799,0.000782223824044419,0.0222933789852659,"ENSG00000235029.1","Upregulated"
14501.6277625191,2.26706667296735,0.676014005849022,3.35357944266271,0.000797735100786671,0.022585927751887,"ENSG00000124155.18","Upregulated"
3205.48043720198,4.09165223512987,1.22161967108133,3.34936669078691,0.000809965220286901,0.0227724454695142,"ENSG00000068489.13","Upregulated"
216.217225240165,3.98217333901296,1.18927269244646,3.34841064148307,0.000812764860383733,0.0227952191075066,"ENSG00000215217.7","Upregulated"
25.1689512909169,4.60228407335933,1.37562025135297,3.34560651374014,0.000821028181551964,0.0229707445080363,"ENSG00000214725.9","Upregulated"
1779.3603188122,2.40969492754524,0.720677776177559,3.34365094526176,0.000826836992032561,0.0230488355662215,"ENSG00000167130.18","Upregulated"
516.345823162423,1.80343736049153,0.539904573041914,3.34028910022129,0.000836912190845904,0.0233013437922759,"ENSG00000123353.10","Upregulated"
797.911382936082,3.13839604099204,0.939692709283672,3.33981099351557,0.000838354255000082,0.0233106380277983,"ENSG00000104415.14","Upregulated"
2011.02294402474,2.60729348985451,0.780827219218452,3.33914267546182,0.000840373896985655,0.0233127451277595,"ENSG00000157870.17","Upregulated"
1480.82662375578,1.75255495419626,0.525182606114915,3.33703921986476,0.00084675998402261,0.0234614973082153,"ENSG00000136933.17","Upregulated"
18419.0079714101,2.33337568583077,0.700134109542479,3.33275533076881,0.000859905267345648,0.0237682379927119,"ENSG00000002834.18","Upregulated"
2322.80255528716,2.12144153747088,0.63679161132102,3.33145333536974,0.000863937833784582,0.0237935955809374,"ENSG00000167114.13","Upregulated"
17.3134986302046,5.33007816589058,1.60014057881928,3.33100618560875,0.000865326795425644,0.0238032391241095,"ENSG00000124657.1","Upregulated"
55.0113821321875,4.79044164325853,1.43860862171306,3.32991306388405,0.000868731034165273,0.0238396442118121,"ENSG00000237667.7","Upregulated"
302.800960697548,3.30705511191735,0.993581449607557,3.328418735297,0.000873404818396024,0.0238536329067062,"ENSG00000130054.5","Upregulated"
2966.3493640508,1.95363316198281,0.587662994272294,3.32441072693714,0.000886055962209451,0.0241416008538256,"ENSG00000001617.12","Upregulated"
72016.8443855807,2.75599799067895,0.830219767122113,3.31960054412145,0.000901463363096952,0.0243791870429414,"ENSG00000141367.12","Upregulated"
26.152127899657,3.28118321529661,0.988528076034471,3.31926153120429,0.000902558561677371,0.0243791870429414,"ENSG00000283064.1","Upregulated"
194.583213963313,2.08125312740282,0.62730822866194,3.31775199544595,0.00090745018133322,0.0244389825092819,"ENSG00000265688.2","Upregulated"
83.0202137168699,3.53811623001874,1.06832869418117,3.31182364499772,0.000926899565544374,0.0248409083565892,"ENSG00000009765.15","Upregulated"
2315.71649506323,1.87610716413851,0.566438896800417,3.31210864002432,0.000925955801836747,0.0248409083565892,"ENSG00000160753.16","Upregulated"
1241.97803665769,2.04499490011061,0.617584724668059,3.31127830470509,0.000928707949910579,0.024853266117251,"ENSG00000100246.13","Upregulated"
499.657418104815,3.31082059441328,1.00161871188214,3.30546999086301,0.00094817257008643,0.0251463267025005,"ENSG00000150667.8","Upregulated"
139.262945176743,3.22531161476631,0.976974777747216,3.30132536502476,0.000962292191619406,0.0254031835008837,"ENSG00000230061.2","Upregulated"
2966.5704005812,2.52030283938603,0.763712240534528,3.30006867196741,0.000966611727176715,0.0254375646483058,"ENSG00000143748.18","Upregulated"
1848.60041016807,1.84355913689649,0.558786376974221,3.29921990381942,0.000969539285654147,0.0254646275488564,"ENSG00000176842.15","Upregulated"
36.62062598877,3.02189780890988,0.917234830362218,3.29457376549528,0.000985710695209914,0.0257543613113341,"ENSG00000102385.12","Upregulated"
394.005869566642,2.14729859186335,0.652239834230974,3.29219173556784,0.000994098126567004,0.0258849596274504,"ENSG00000235655.3","Upregulated"
2182.30706817824,2.11735283200211,0.643493821675612,3.29040118285624,0.00100044633983542,0.0259911875634793,"ENSG00000141378.15","Upregulated"
129.824103586507,2.10756041837332,0.640723155391009,3.28934642152453,0.00100420342742489,0.0260297707420971,"ENSG00000260219.2","Upregulated"
42.5181833668741,5.691660197574,1.73088787142524,3.28828937537555,0.00100798175384292,0.0260781040213502,"ENSG00000248779.1","Upregulated"
34.142723419829,3.42954655828934,1.04324743484037,3.28737597980685,0.00101125720684167,0.0260945356278942,"ENSG00000277893.2","Upregulated"
4905.31879080939,2.4174808747611,0.735672380525651,3.28608350504305,0.0010159088811024,0.0261652825299938,"ENSG00000115457.10","Upregulated"
1583.50715394824,2.28161594410045,0.694525014383852,3.28514581454576,0.00101929605899354,0.0261840245468363,"ENSG00000128039.12","Upregulated"
409.159660310958,1.8468565879487,0.562775445836987,3.28169361618463,0.00103185656570902,0.0264178339068787,"ENSG00000139438.6","Upregulated"
6298.00164308555,2.83914666981144,0.865071422273176,3.28197949523165,0.00103081100646892,0.0264178339068787,"ENSG00000172725.14","Upregulated"
114.976704807001,4.63508147130837,1.41441244819763,3.2770366785267,0.00104902741148837,0.0267677217225441,"ENSG00000162891.10","Upregulated"
6172.87311689422,3.00685104857466,0.917931988731423,3.27567955522512,0.00105408085886107,0.0268368986666028,"ENSG00000127948.16","Upregulated"
825.826976866883,2.59141736322538,0.79214824295089,3.27137929836454,0.00107024263108605,0.0270083035778698,"ENSG00000117122.14","Upregulated"
9157.16967105839,1.9785419690525,0.604666064027442,3.27212338637662,0.00106742980480534,0.0270083035778698,"ENSG00000164054.15","Upregulated"
1038.99625322541,1.93707683127636,0.592559148095627,3.26900164734906,0.00107927673172728,0.0270871270874029,"ENSG00000007376.8","Upregulated"
15.6859105807266,4.65836825400245,1.42816971881256,3.2617749785898,0.00110716992562883,0.0277567742624278,"ENSG00000182545.6","Upregulated"
1697.87320873478,2.126193600482,0.652812668504727,3.2569735592786,0.00112606921688897,0.0280595439440175,"ENSG00000141582.15","Upregulated"
25.9404224399344,7.23140587330329,2.22037407901714,3.25684124204165,0.00112659424057328,0.0280595439440175,"ENSG00000168505.7","Upregulated"
136.734892252259,3.55292898165345,1.09069234585621,3.25749877603144,0.00112398743111237,0.0280595439440175,"ENSG00000280079.1","Upregulated"
63.4112298833017,4.99332812378601,1.53356190998152,3.25603295914292,0.00112980635600531,0.0280785063356894,"ENSG00000196834.13","Upregulated"
16099.6189202159,1.6523251438108,0.507766808029136,3.25410231169735,0.00113751304129564,0.0281783500845928,"ENSG00000148248.14","Upregulated"
559.539571840933,3.0570264646614,0.940046579200603,3.25199466952057,0.00114598171009455,0.0282355106506521,"ENSG00000105989.10","Upregulated"
3643.44635465534,1.57952203192711,0.485684173567001,3.25215874407982,0.00114532035993763,0.0282355106506521,"ENSG00000176393.11","Upregulated"
6818.75418765482,2.55540205761813,0.785878137156098,3.25165179790534,0.00114736489341973,0.0282372089912847,"ENSG00000166557.14","Upregulated"
7997.02657691048,1.90957057407176,0.587517526768303,3.25023592840803,0.00115309303159991,0.0283193716249521,"ENSG00000213853.10","Upregulated"
105.223929799007,1.91501114118142,0.589462422749088,3.24874167932596,0.00115916692530714,0.0283470127283756,"ENSG00000236675.1","Upregulated"
57.8321256786909,3.1444040993029,0.968148788362694,3.24785212469318,0.00116279685581895,0.0284054660492915,"ENSG00000259725.1","Upregulated"
122.139553608075,4.88105148648158,1.50311774629617,3.24728485077698,0.00116511716517178,0.0284318367654378,"ENSG00000137648.19","Upregulated"
21.1533549127474,3.09192814859102,0.952976112682158,3.24449701041169,0.00117658252477569,0.028681076566713,"ENSG00000288675.1","Upregulated"
208.561079305088,2.24256929872187,0.691756560698735,3.24184753153144,0.00118757539050579,0.0289182810818806,"ENSG00000254389.3","Upregulated"
6892.04734695412,2.70958023427367,0.835982586586818,3.24119219436909,0.00119030902806459,0.028954077568017,"ENSG00000165949.12","Upregulated"
13259.8431315449,2.01682069026823,0.622590394624867,3.23940219393112,0.0011978053920863,0.0290839014009628,"ENSG00000071553.18","Upregulated"
50.2638568778431,2.22039520330545,0.685578890058156,3.23871582906687,0.00120069137792108,0.0290839014009628,"ENSG00000178462.12","Upregulated"
765.225267721148,5.50516882603496,1.70015530529941,3.23803878908901,0.00120354444719562,0.0291214545544249,"ENSG00000167653.5","Upregulated"
514.854069096454,2.04552102560444,0.632191720537584,3.23560236420849,0.00121386352400508,0.0293092400306137,"ENSG00000177380.14","Upregulated"
615.422383002523,3.75668398985051,1.16372544547453,3.22815317346495,0.001245922403912,0.0298943099091515,"ENSG00000143590.14","Upregulated"
2616.63688529979,1.90904355592029,0.591544734398677,3.227217562609,0.00125000377185016,0.0299608644646179,"ENSG00000177556.12","Upregulated"
7661.83541348362,1.93132761439257,0.59860844442875,3.2263621276436,0.00125374619256898,0.0300191643223884,"ENSG00000101474.12","Upregulated"
11362.2300412828,2.430697253404,0.753572729131262,3.2255642480669,0.00125724613784113,0.0300715428000956,"ENSG00000112977.16","Upregulated"
6145.41343254398,2.05469336381166,0.637254712453011,3.2242890066712,0.00126285879457194,0.0301742924075303,"ENSG00000143418.20","Upregulated"
473.433702960723,2.55128721181382,0.791717493405051,3.22247169358497,0.00127089722514448,0.0302778854643624,"ENSG00000103528.17","Upregulated"
38.8325995879313,2.74995334373488,0.853444698675667,3.22218105988838,0.00127218714326117,0.0302778854643624,"ENSG00000272264.1","Upregulated"
5448.08933778544,1.67908246610763,0.521526477998893,3.2195536313905,0.00128390341946934,0.0304143842085758,"ENSG00000171302.17","Upregulated"
5758.64387429461,3.74724090671274,1.16425805685423,3.21856557886968,0.00128833507185069,0.0304143842085758,"ENSG00000178935.5","Upregulated"
33.5396024528771,3.91431227496373,1.21620874925886,3.218454296887,0.00128883508189435,0.0304143842085758,"ENSG00000179546.4","Upregulated"
572.837959368864,1.73391011021961,0.538720995541273,3.2185679128349,0.0012883245868408,0.0304143842085758,"ENSG00000276168.1","Upregulated"
1948.00217454094,2.96218185895408,0.920610058226226,3.21762925843047,0.00129254771913475,0.030470615675158,"ENSG00000157613.11","Upregulated"
9.90130096988368,4.13903930097588,1.28748225436618,3.2148321166675,0.00130520832347318,0.0307058968419554,"ENSG00000277157.2","Upregulated"
15.358300823868,5.74242433431806,1.78791236067531,3.21180414690411,0.0013190426527335,0.0308901703819028,"ENSG00000101198.15","Upregulated"
932.239651641421,2.29671551931347,0.715121624172571,3.21164322498411,0.00131978165330727,0.0308901703819028,"ENSG00000105419.18","Upregulated"
1145.62380019098,2.93702740425617,0.915508687467175,3.20808250589264,0.00133623158870521,0.0312432761465216,"ENSG00000151725.12","Upregulated"
41.1858185323378,3.38545888934639,1.05571580966622,3.20678998869663,0.00134224945382026,0.0313519918295999,"ENSG00000223652.2","Upregulated"
2747.64707632099,2.2272977538445,0.695119048361626,3.20419611445575,0.00135440184892893,0.0315455361807583,"ENSG00000167747.15","Upregulated"
63.9484269487971,4.7505060180083,1.48259761344263,3.20417756978408,0.00135448909563198,0.0315455361807583,"ENSG00000196604.13","Upregulated"
27.8085199851524,3.58404589411399,1.11922021212628,3.20227052306809,0.00136348886550438,0.0316707104848254,"ENSG00000162723.10","Upregulated"
2965.08694208404,2.13630020073806,0.667151203936543,3.20212297921786,0.00136418745083891,0.0316707104848254,"ENSG00000167553.16","Upregulated"
1244.15852077143,3.86635611504522,1.20858937137964,3.19906513047657,0.00137874017230943,0.0318151584172187,"ENSG00000064787.13","Upregulated"
1686.17646303459,1.72103320247181,0.537951744817563,3.19923342391142,0.0013779355323032,0.0318151584172187,"ENSG00000140406.4","Upregulated"
385.644083969332,2.75262012471326,0.860291724759749,3.19963571134196,0.00137601388119658,0.0318151584172187,"ENSG00000151715.8","Upregulated"
125.435752764383,2.52157329463665,0.788333135100035,3.19861386305509,0.00138089989920989,0.0318329379180034,"ENSG00000180044.5","Upregulated"
10640.5770964542,3.9204240681926,1.22578543955156,3.19829551053147,0.00138242538334941,0.031836075612129,"ENSG00000185499.16","Upregulated"
5477.8488523694,2.29832613287073,0.71969986879297,3.19345081544245,0.00140583283949121,0.0322454991832848,"ENSG00000140553.18","Upregulated"
132.16122183695,3.77564050625639,1.18229668859226,3.19347972694736,0.00140569207428234,0.0322454991832848,"ENSG00000175315.3","Upregulated"
4259.40037845546,2.7281164724612,0.854741572258002,3.19174421954725,0.0014141650290131,0.032371805669137,"ENSG00000180198.16","Upregulated"
50.7811575332217,3.2721162656634,1.02547469209415,3.19083083267643,0.00141864318098985,0.032424665904583,"ENSG00000287985.1","Upregulated"
926.359930143924,3.73010043990137,1.16940444994869,3.18974366829631,0.00142399036906009,0.0324398956970222,"ENSG00000068078.20","Upregulated"
311.455360490834,1.7126132263804,0.537209800365837,3.18797837495541,0.00143271250961798,0.0324398956970222,"ENSG00000160284.15","Upregulated"
253.176533308158,3.74066442243963,1.17328590435782,3.18819514369521,0.00143163883053841,0.0324398956970222,"ENSG00000227218.7","Upregulated"
26.7309988066567,6.48174860165674,2.03856678884207,3.17956156115859,0.00147498035487944,0.0331675170281721,"ENSG00000184330.12","Upregulated"
26.2608597417635,4.7327643043166,1.48891983942258,3.17865621708152,0.00147959464188505,0.033206103451669,"ENSG00000213013.4","Upregulated"
54.1672376813306,4.09117899969235,1.28707346744381,3.17866780970757,0.00147953547351915,0.033206103451669,"ENSG00000236449.2","Upregulated"
73.2988855002698,2.60591579334957,0.820224778938453,3.17707518751407,0.00148768461916679,0.033350550089943,"ENSG00000103269.14","Upregulated"
990.09694369214,3.2543818353003,1.02544696759469,3.17362275977456,0.0015054922232393,0.0336226596523443,"ENSG00000090889.12","Upregulated"
156.504895338487,3.10901517992229,0.979874718567917,3.17287008329606,0.00150940050538135,0.033625492807767,"ENSG00000053108.17","Upregulated"
125.5271832143,3.26837519899373,1.03013931766302,3.17275065901608,0.00151002147591831,0.033625492807767,"ENSG00000125508.3","Upregulated"
3450.5909682465,2.5633690797435,0.808777661376262,3.16943605413325,0.00152735062427229,0.0338678436826769,"ENSG00000106348.18","Upregulated"
12931.1300460616,2.30912296365938,0.728530945481055,3.16956057664049,0.00152669630813356,0.0338678436826769,"ENSG00000136830.12","Upregulated"
87.1565075137909,3.58941899019485,1.13267490055097,3.16897548312303,0.00152977298645241,0.0338678436826769,"ENSG00000147689.16","Upregulated"
126.749415597477,2.47679374068142,0.781554709814371,3.16905996417026,0.00152932839557679,0.0338678436826769,"ENSG00000166578.10","Upregulated"
67.9596715170681,1.79189694853033,0.565297738810506,3.1698286150955,0.00152528874882459,0.0338678436826769,"ENSG00000188368.10","Upregulated"
2903.90194144137,1.92678540611352,0.608448159195766,3.16672074192863,0.00154168288904772,0.0340374522455165,"ENSG00000052802.13","Upregulated"
25190.1167036647,1.79760875691683,0.567627818293759,3.16687924548922,0.00154084286552633,0.0340374522455165,"ENSG00000167004.13","Upregulated"
200.740239144225,3.19909559633747,1.01063888957485,3.16541905257897,0.00154859744112063,0.034152609976745,"ENSG00000055118.16","Upregulated"
148.667710844123,2.69882639570952,0.852780215995765,3.16473851654518,0.00155222379512765,0.0341668165624927,"ENSG00000165695.10","Upregulated"
2942.83108363416,3.43263819862309,1.08458166693038,3.16494211850201,0.00155113804789786,0.0341668165624927,"ENSG00000172061.9","Upregulated"
52.9160766254993,2.80551406844639,0.886958162344209,3.16307373623068,0.00156112785332485,0.0342969162330639,"ENSG00000285205.2","Upregulated"
35965.6407381213,2.73606879879295,0.865349668936577,3.16180718270256,0.00156793347612106,0.0344134364672777,"ENSG00000116133.13","Upregulated"
6904.02066436446,1.85050697986327,0.585325471050018,3.1615008595878,0.0015695835516851,0.0344166866060405,"ENSG00000169223.15","Upregulated"
606.643440213145,1.97555780203718,0.62508927936521,3.16044102379007,0.00157530492970185,0.0344761577451653,"ENSG00000224189.8","Upregulated"
20.0881694268393,3.11868458175674,0.987421092636882,3.15841397860802,0.00158630117143452,0.0346464617401764,"ENSG00000116176.6","Upregulated"
4011.70649008258,2.24813873700583,0.712252386830082,3.15637936576288,0.00159740948894887,0.0347937652374282,"ENSG00000172893.16","Upregulated"
1224.94756386138,1.8165333845314,0.575697409454092,3.15536140114637,0.0016029940762424,0.0348491520521996,"ENSG00000215845.11","Upregulated"
860.802356436694,3.72416306459396,1.18038130462073,3.1550508721337,0.00160470122252617,0.0348531979269807,"ENSG00000168350.8","Upregulated"
193.585811351041,3.82101738524437,1.21141468604877,3.15417786266672,0.00160950959867487,0.0349245293030644,"ENSG00000253123.4","Upregulated"
3323.61335308132,3.84268577496999,1.21979172081642,3.15028025636871,0.00163113909937533,0.0351711087242618,"ENSG00000108176.15","Upregulated"
90.3823854702999,3.89574926277229,1.23654590692351,3.15050920548902,0.00162986120336529,0.0351711087242618,"ENSG00000260459.2","Upregulated"
84.626742229639,3.14658286693888,0.999459775112336,3.14828364811902,0.00164232245833304,0.0353685872276723,"ENSG00000124116.19","Upregulated"
17.8696063602383,6.03746011059705,1.91873494600042,3.14658370254947,0.00165189972142183,0.0355080958880487,"ENSG00000256982.2","Upregulated"
13287.9986528584,1.55519841742842,0.494557588068963,3.14462552986156,0.00166299547953149,0.0356237615474379,"ENSG00000148396.18","Upregulated"
154.102199633377,2.02693817014609,0.64459036195082,3.14453688697991,0.00166349938272491,0.0356237615474379,"ENSG00000160401.15","Upregulated"
13113.6326468704,2.6070152343842,0.829159813568467,3.14416496280054,0.00166561517077532,0.0356357665949072,"ENSG00000108604.16","Upregulated"
13.4706901446541,6.32613556020777,2.01230600297616,3.14372443895289,0.00166812440887141,0.0356561592396265,"ENSG00000269935.1","Upregulated"
891.623359977789,2.622472218078,0.835555799399966,3.13859615355582,0.00169759229345148,0.0361511429480921,"ENSG00000104450.13","Upregulated"
10206.4157207281,2.18957845497632,0.698050459861321,3.13670512502967,0.00170857871770552,0.0363455093774877,"ENSG00000142657.21","Upregulated"
21505.2702703973,2.4951496514454,0.795938410123151,3.13485267165249,0.00171940440160886,0.0364878355745834,"ENSG00000131238.18","Upregulated"
2184.54551392374,2.14743129699006,0.685812428740185,3.13122248445515,0.00174080225805229,0.0368317109335273,"ENSG00000125841.13","Upregulated"
111.959533747278,2.69402407801569,0.860895954668529,3.12932598115526,0.00175207816905716,0.0369678813681176,"ENSG00000104953.20","Upregulated"
60.3529482434058,3.75485121733182,1.20049524546727,3.12775184367375,0.00176148837145226,0.0370921758871832,"ENSG00000167749.11","Upregulated"
29.4118601373135,3.59137809044684,1.14840575238687,3.12727281536377,0.001764361213337,0.0370921758871832,"ENSG00000171126.8","Upregulated"
68.275325277712,3.42723794896744,1.09592391937473,3.12725900801839,0.00176444408296368,0.0370921758871832,"ENSG00000196335.13","Upregulated"
2725.35525900118,2.44509038390766,0.783891969466507,3.1191675372969,0.00181362805233212,0.0378439298028644,"ENSG00000114346.14","Upregulated"
3061.29765793612,2.25917265276488,0.724301624450292,3.1191047714127,0.00181401445130097,0.0378439298028644,"ENSG00000130193.8","Upregulated"
48.6118674740396,2.21703132918267,0.710737168400139,3.11934063357511,0.00181256282994171,0.0378439298028644,"ENSG00000278921.2","Upregulated"
842.123633650467,2.87624204260592,0.92338344303277,3.11489453737568,0.00184010687983478,0.0382566817899615,"ENSG00000143845.15","Upregulated"
12.3194393000149,3.77415704604523,1.21164602087126,3.11490070617435,0.00184006839845651,0.0382566817899615,"ENSG00000283538.3","Upregulated"
45.4202201902648,4.83323797677883,1.55230251939066,3.11359281867047,0.0018482436488118,0.0383611005152841,"ENSG00000105668.7","Upregulated"
8.59483767379653,4.40625190740985,1.41530250888838,3.11329336289431,0.00185012015471944,0.0383652970364174,"ENSG00000264491.1","Upregulated"
16.3753343658577,4.33645596220071,1.39316609633139,3.11266257025623,0.00185407867411567,0.0384126209210547,"ENSG00000196748.10","Upregulated"
1007.37953317476,1.87412454730423,0.602498455724648,3.1105881342885,0.0018671516685728,0.038553916667811,"ENSG00000104976.12","Upregulated"
3345.29557069824,3.25486866454444,1.04752716804958,3.10719259969627,0.00188873302136794,0.0388147340373319,"ENSG00000099337.5","Upregulated"
3311.43937731465,1.65603361209396,0.532947676404673,3.1073099394405,0.00188798342699136,0.0388147340373319,"ENSG00000106803.10","Upregulated"
598.182447338438,3.04007504806064,0.978602310342549,3.10654799802843,0.00189285576893773,0.0388612452258218,"ENSG00000117650.13","Upregulated"
2324.41168052619,3.27829440091109,1.05536657379668,3.10630872940901,0.00189438818701418,0.0388612452258218,"ENSG00000141574.8","Upregulated"
5349.93263040604,1.83280387323726,0.590541510119306,3.10359871716213,0.00191182442899679,0.0391010846824599,"ENSG00000131653.13","Upregulated"
1895.8903141757,2.5099247470953,0.809249446396598,3.10154644933206,0.00192512667060815,0.0393158222195321,"ENSG00000173890.17","Upregulated"
5786.34618869475,2.27638526481636,0.734608306032751,3.09877419860656,0.0019432306033491,0.0396149342038623,"ENSG00000109814.12","Upregulated"
849.131542810979,3.47592823607969,1.12216303108889,3.09752517217292,0.00195143822460016,0.039665004092182,"ENSG00000008300.17","Upregulated"
3722.73633336369,5.18518413410111,1.67421464029414,3.09708445339489,0.00195434187047541,0.039665004092182,"ENSG00000184956.16","Upregulated"
376.979158332715,1.84589799220134,0.595974123826425,3.09727875490606,0.00195306123957146,0.039665004092182,"ENSG00000198353.8","Upregulated"
2405.62493274613,2.15988849002884,0.698863968186451,3.09057068092056,0.00199772251444029,0.0402826924451973,"ENSG00000079616.13","Upregulated"
41.8368400497679,6.24368490436728,2.02034546199199,3.09040459754403,0.0019988400676525,0.0402826924451973,"ENSG00000128564.7","Upregulated"
2179.64067152538,2.13037048040768,0.689663360827249,3.08900052027167,0.00200831087369062,0.0404268575695723,"ENSG00000095380.11","Upregulated"
8.29890009471417,5.59110254064445,1.81133781492731,3.08672545483672,0.00202374414520164,0.0406416067862843,"ENSG00000276368.2","Upregulated"
9.21056380811501,3.53179731234871,1.14479125905599,3.08510157149617,0.00203482649973703,0.0408283839010284,"ENSG00000197061.5","Upregulated"
20601.3122353109,3.57498163199516,1.15943927346887,3.08337117242833,0.00204669704384234,0.0410109366608697,"ENSG00000111057.11","Upregulated"
2271.96752919406,2.13203882140106,0.691489877028974,3.08325384394851,0.00204750421314633,0.0410109366608697,"ENSG00000174744.14","Upregulated"
513.695719515947,2.34099868239202,0.759864813043876,3.08080943110712,0.00206438728547036,0.0412409505311838,"ENSG00000156049.7","Upregulated"
36.3076266483727,4.47060739597582,1.45159813510534,3.07978309413534,0.00207151398260042,0.041278063438913,"ENSG00000227857.2","Upregulated"
5603.68573348003,2.14780597161184,0.697882827718701,3.07760255203981,0.00208673023921005,0.0415215082228513,"ENSG00000125835.19","Upregulated"
6412.36371548897,2.61105329024856,0.848886304528826,3.07585748093536,0.00209898147123962,0.0417138433928749,"ENSG00000105281.12","Upregulated"
2038.9513495489,1.89696609203142,0.617165523661892,3.07367475871943,0.00211439807476253,0.0418749502896359,"ENSG00000178467.18","Upregulated"
75.8156580828836,2.91697878370851,0.948930372918681,3.07396503152975,0.00211234190377516,0.0418749502896359,"ENSG00000279406.1","Upregulated"
13.726128814096,5.57438840600228,1.8134552555406,3.07390457469022,0.00211277000345054,0.0418749502896359,"ENSG00000285094.1","Upregulated"
1499.89605046419,1.86649538320729,0.607732618561957,3.07124436997289,0.00213168608720367,0.0420810697164877,"ENSG00000129235.11","Upregulated"
224.1002228265,2.179159753562,0.709551487720839,3.07117917624513,0.00213215160778748,0.0420810697164877,"ENSG00000183048.12","Upregulated"
344.633365240398,2.70265935093328,0.880500168655601,3.06945920869028,0.00214446688350921,0.0422877058250689,"ENSG00000275183.2","Upregulated"
4240.18513701145,2.06059887078767,0.671521589630746,3.06855193132472,0.00215098939533155,0.0423070995747872,"ENSG00000101199.13","Upregulated"
2837.76483200563,1.94155579618358,0.632976129795164,3.06734441441241,0.00215969857456901,0.0424419666703896,"ENSG00000145050.19","Upregulated"
828.459769646545,2.30714521245468,0.752394736905142,3.06640264649479,0.00216651347329348,0.0425394085064669,"ENSG00000147799.11","Upregulated"
66.3704011323513,4.06898833341382,1.327103467942,3.06606713922901,0.00216894605735076,0.0425507105805953,"ENSG00000267013.6","Upregulated"
338.791890038724,3.53072970791089,1.15176182925588,3.06550331694183,0.00217303967190732,0.0425581461898156,"ENSG00000272405.1","Upregulated"
25.9311445455362,2.77464242708012,0.905870011044356,3.0629586952341,0.00219160308040583,0.0425917979170939,"ENSG00000101278.6","Upregulated"
49.6585454054884,2.9071449699266,0.949090736609511,3.06308433723835,0.00219068310204009,0.0425917979170939,"ENSG00000129951.19","Upregulated"
299.499268822376,3.05366929567424,0.996901935077106,3.06315916162611,0.00219013538961699,0.0425917979170939,"ENSG00000180596.7","Upregulated"
46.573858854362,3.05854992474213,0.998494556170695,3.06316134208274,0.00219011943061788,0.0425917979170939,"ENSG00000248265.2","Upregulated"
9664.35027305483,2.28586262107558,0.746616611034752,3.06162840109806,0.00220136553368303,0.0426031164179164,"ENSG00000076554.15","Upregulated"
472.902155249123,2.33262148152674,0.76218511123724,3.06043957975018,0.00221012348689704,0.0427365144124546,"ENSG00000184979.10","Upregulated"
146.737271073771,3.48527692203669,1.1389941417183,3.05996035833754,0.00221366289507595,0.0427401631490666,"ENSG00000130477.15","Upregulated"
141.641606453405,2.71796066670049,0.88923158030125,3.05652737364513,0.00223917033857875,0.0430439170622429,"ENSG00000223478.1","Upregulated"
3272.38219363182,2.33904158076734,0.765956876853754,3.05375100276557,0.00225999574094532,0.0433570773993853,"ENSG00000143578.16","Upregulated"
1237.47622264424,2.95139236619498,0.9682865357555,3.04805680675109,0.00230326382374213,0.0438407539617448,"ENSG00000158106.14","Upregulated"
29529.5829522491,1.76638368193562,0.579519285712061,3.04801535597774,0.00230358155581482,0.0438407539617448,"ENSG00000158710.15","Upregulated"
20.2574294355877,4.16022345677639,1.36514846606362,3.04745129207251,0.0023079092596198,0.0438696710676919,"ENSG00000262136.1","Upregulated"
5966.98511995019,2.10075238986001,0.690171371607663,3.04381270548297,0.00233600524402203,0.044192021429253,"ENSG00000103855.18","Upregulated"
6.30803266180725,5.1886958849455,1.70485710733513,3.04347846081716,0.00233860181760993,0.044192021429253,"ENSG00000277235.1","Upregulated"
1779.5900415419,2.55255145011972,0.839305988076872,3.04126443321161,0.00235586829510464,0.0444665289242404,"ENSG00000221890.6","Upregulated"
3700.43744966022,2.43769841459863,0.801689467113038,3.0407015616371,0.00236027651719398,0.044512886439931,"ENSG00000170892.12","Upregulated"
16.7098716861206,6.63661897087018,2.18277161858169,3.04045504090918,0.00236220956231807,0.044512886439931,"ENSG00000214081.8","Upregulated"
714.136220091833,2.55123225318766,0.83959532313424,3.03864514593032,0.00237644595408191,0.0447076211755606,"ENSG00000091129.21","Upregulated"
6280.9320163572,2.99836259843383,0.986921613254063,3.03809599279894,0.00238078102609827,0.0447524334963213,"ENSG00000075275.18","Upregulated"
82.1672755847961,4.02651943290584,1.32590822587359,3.03680100502652,0.00239103247510721,0.0448034302781732,"ENSG00000145491.12","Upregulated"
77.5356254604882,2.97151641701903,0.97847730007226,3.03687823600975,0.00239041996392327,0.0448034302781732,"ENSG00000167619.13","Upregulated"
894.241175672793,1.94517558766564,0.641283748433222,3.03325258501884,0.00241933007091436,0.0451437534567847,"ENSG00000143793.13","Upregulated"
4646.57960855755,1.96996903207902,0.650143128573267,3.03005437649106,0.0024450971280668,0.0454395422485991,"ENSG00000117461.15","Upregulated"
873.136253867769,2.65326276920596,0.875588403705753,3.03026257311833,0.00244341213503654,0.0454395422485991,"ENSG00000129295.9","Upregulated"
2781.91833926911,2.9285617807735,0.966312610662689,3.0306566927292,0.00244022532524499,0.0454395422485991,"ENSG00000164932.13","Upregulated"
1690.95477659418,1.79880979013693,0.593568748051426,3.03049949317931,0.00244149596800629,0.0454395422485991,"ENSG00000186665.10","Upregulated"
193.611062567993,3.34258520937834,1.10343084928642,3.0292656866898,0.00245148986182493,0.0454845657440133,"ENSG00000214313.8","Upregulated"
14.6491944169306,2.98933145800147,0.98678419373692,3.02936698517734,0.00245066793063671,0.0454845657440133,"ENSG00000273542.2","Upregulated"
263.977014532467,3.64645076184932,1.20385143835159,3.02898733654573,0.00245374968098921,0.0454896603480475,"ENSG00000172818.10","Upregulated"
820.673175515878,2.13366021021148,0.704627094905611,3.02807006094096,0.00246121019170064,0.0455542571345949,"ENSG00000139835.14","Upregulated"
244.976918984708,3.94814651346074,1.30444610210838,3.02668428161143,0.00247252057279916,0.0457010609895994,"ENSG00000119547.6","Upregulated"
9.00213765356075,4.49557251934822,1.48534927423025,3.02660969870401,0.00247313064620334,0.0457010609895994,"ENSG00000180176.15","Upregulated"
17.8959795141028,4.80873442426156,1.58896595647787,3.02632942175847,0.0024754244876049,0.0457065888065904,"ENSG00000270930.1","Upregulated"
3149.9370979342,1.91896488532423,0.634435345664013,3.02468155098736,0.00248895039804305,0.045887360013006,"ENSG00000213694.6","Upregulated"
1480.19206270094,2.2716138942948,0.751590115160192,3.02241055127585,0.00250770183618528,0.0461909002205382,"ENSG00000100196.11","Upregulated"
132.031315978369,3.75187707828706,1.24217324421511,3.02041369491721,0.00252429637727699,0.0463547774635737,"ENSG00000057593.14","Upregulated"
103.143086391431,3.38251386948722,1.11990183594193,3.02036639366901,0.00252469068144104,0.0463547774635737,"ENSG00000174945.13","Upregulated"
631.834455306973,2.53541305488454,0.839752660512182,3.01923789480838,0.00253411459231607,0.0464905538577506,"ENSG00000105472.13","Upregulated"
35.2810372972241,4.61939972485765,1.53018102426251,3.01885832565728,0.00253729153637404,0.0465115986115798,"ENSG00000099617.4","Upregulated"
455.093447128746,2.46451927083041,0.816537397192698,3.01825645623038,0.00254233657309026,0.0465668267272504,"ENSG00000051180.17","Upregulated"
25.8705365031776,3.81685189112711,1.26669271510809,3.01324215857783,0.00258472578214152,0.0471850143824745,"ENSG00000109705.8","Upregulated"
155.005271552951,2.40107230329414,0.797241505865725,3.01172516185896,0.00259767672167734,0.0473484194288098,"ENSG00000259153.2","Upregulated"
1211.39573501361,2.20668515850333,0.733451762665795,3.00863024786107,0.00262428287067709,0.0475738462039447,"ENSG00000125898.13","Upregulated"
117.976857639187,3.92585987229959,1.30554392208972,3.00706839951863,0.00263780403143818,0.0476815656900606,"ENSG00000117407.17","Upregulated"
8103.47065248651,1.49252275187932,0.496334899175896,3.0070880656538,0.0026376333835487,0.0476815656900606,"ENSG00000168003.17","Upregulated"
46.7289914240706,2.98471639305177,0.992905024788047,3.00604420215207,0.00264670520502287,0.0477816364642189,"ENSG00000237978.6","Upregulated"
1033.36042190908,2.28544230679184,0.760761130067099,3.00415231071317,0.00266321963344379,0.048013386845579,"ENSG00000124243.17","Upregulated"
4796.02831570587,1.80551609556182,0.601356001731073,3.00240804176634,0.00267852884271883,0.048213519168939,"ENSG00000173113.7","Upregulated"
898.611269050658,2.72026700783753,0.906019833752484,3.00243648814059,0.00267827852902468,0.048213519168939,"ENSG00000178718.7","Upregulated"
166.482111861782,3.03627185066419,1.01183888777457,3.00074635137037,0.00269318803223324,0.0483439030453792,"ENSG00000145244.12","Upregulated"
10340.0254041467,4.64464231631853,1.54803216099309,3.0003525981908,0.00269667239225342,0.0483501965540649,"ENSG00000132746.15","Upregulated"
9715.27012073939,2.15976687504918,0.720032203813844,2.99954205327122,0.00270385795363887,0.0483654966039664,"ENSG00000168528.12","Upregulated"
20513.6385964511,2.05799793760788,0.68630639523753,2.9986576722713,0.00271171803438647,0.0483927624921585,"ENSG00000108679.13","Upregulated"
2217.14462175799,2.38584436053867,0.795601105669265,2.99879467680187,0.00271049901919367,0.0483927624921585,"ENSG00000146757.14","Upregulated"
96.0272905134014,3.82629024680668,1.27833489910862,2.99318296752653,0.00276084180043713,0.0489264725562385,"ENSG00000116254.18","Upregulated"
5293.2074800208,2.94343518526012,0.983319311458323,2.99336660122623,0.00275918099165467,0.0489264725562385,"ENSG00000117394.24","Upregulated"
521.150236274583,5.30643671555194,1.7723870698251,2.99394912425962,0.00275391860959495,0.0489264725562385,"ENSG00000143556.9","Upregulated"
57.0596059744583,5.56630204951647,1.86024604129472,2.99223969622984,0.00276938727900777,0.0490021159159722,"ENSG00000273962.1","Upregulated"
677.465619390711,2.35825131307548,0.788345942891587,2.9913914498318,0.00277709251295629,0.0490249409849493,"ENSG00000005448.17","Upregulated"
32.6629974163369,3.22463071954616,1.07787323875504,2.99166043241843,0.00277464703255474,0.0490249409849493,"ENSG00000099822.3","Upregulated"
82.3884566823238,1.67788343699294,0.560904070390948,2.99139108729139,0.00277709581035455,0.0490249409849493,"ENSG00000280303.2","Upregulated"
2756.91789647282,2.37635115198507,0.795266614174698,2.98811883917844,0.00280700385042924,0.0494006806672316,"ENSG00000197457.10","Upregulated"
1628.16444625627,1.90847035917664,0.638776792386421,2.98769520421482,0.00281089726545456,0.0494312355645632,"ENSG00000065485.20","Upregulated"
32.2940848299075,3.54656397887354,1.18749398238337,2.98659532720779,0.00282102871364131,0.0495333731374536,"ENSG00000124575.7","Upregulated"
125.803168342762,2.51681616681603,0.842652124955932,2.98677958825257,0.00281932908267768,0.0495333731374536,"ENSG00000133937.5","Upregulated"
1109.38639536835,2.69323132024077,0.902103212038563,2.98550241735049,0.00283112900347221,0.0496436247449669,"ENSG00000146670.10","Upregulated"
142.837005956714,3.28979919284639,1.1019735056623,2.98537049751407,0.00283235039117143,0.0496436247449669,"ENSG00000198535.5","Upregulated"
8.22246590875669,6.57591916196874,2.20459872809078,2.98281908547756,0.00285606762984253,0.0498051245587608,"ENSG00000288004.1","Upregulated"
7015.85011752792,2.20677354318456,0.739905103585043,2.98250888187166,0.00285896352807848,0.0498177112413614,"ENSG00000155366.17","Upregulated"
